date,temp_avg,temp_max,temp_min,precipitation,humidity,wind_avg_speed,SO2,NO2,PM2.5,O3
2011-01-01,8.3,13,3,0,84,5.2,11,41,8,17
2011-01-02,8.6,13,4,0,81,5.4,11,47,9,11
2011-01-03,4.2,9.4,-1.6,0,86,3.5,11,62,11,7
2011-01-04,6.5,8,4.1,0,93,6.3,9,48,9,11
2011-01-05,8.9,10,6.3,0,90,10.4,9,54,10,9
2011-01-06,12.2,15,8.9,0.51,87,15.7,8,35,7,22
2011-01-07,10.9,13,8.7,1.02,81,15.6,8,42,13,29
2011-01-08,9.8,13,7.6,1.02,88,14.3,8,38,7,35
2011-01-09,8.4,11,6.6,10.92,92,6.5,8,35,6,40
2011-01-10,6.9,8.3,5.2,3.81,91,7.4,9,47,6,20
2011-01-11,11.3,15,5.7,1.78,77,15.4,9,37,5,37
2011-01-12,9.1,16,3.1,0,83,3.1,14,79,18,6
2011-01-13,6.6,13.3,1.9,0,92,3.5,14,74,22,5
2011-01-14,6.9,15.3,0.7,0,84,5,15,77,21,5
2011-01-15,6.8,15.8,0.3,0,81,3.7,13,56,14,6
2011-01-16,6.3,14.8,0,0,83,4.8,12,48,14,7
2011-01-17,4.3,6,0.9,0,97,2.6,13,77,35,5
2011-01-18,6.9,12,3,0,91,2.6,15,80,21,5
2011-01-19,6.8,11,3.6,0,89,2.8,14,77,25,5
2011-01-20,6.7,12.1,2.2,0,77,6.3,13,54,8,10
2011-01-21,2.7,7,-2,0,32,15,10,32,4,47
2011-01-22,0.9,7.2,-4,0,35,11.9,10,31,4,47.5
2011-01-23,-0.2,5.4,-4.1,0,45,9.1,10,24,6,43
2011-01-24,0.5,8.8,-6,0,49,5,12,49.5,7,30
2011-01-25,-0.2,8.7,-6,0,61,5.2,13,67,12.5,10
2011-01-26,0.6,9.4,-5.1,0,73,5,13,68,11,8
2011-01-27,2.7,6,-1.2,0,90,5.9,10,65,10.5,11
2011-01-28,5.6,9.7,3.3,2.29,88,12.4,8,45,7,32
2011-01-29,5,9,1.4,4.06,83,7.8,7,35,7,34.5
2011-01-30,3,6.9,0,0,89,3.5,7,45,12,22
2011-01-31,3.5,8,-0.2,0.76,68,8.7,9,47,9,26
2011-02-01,2.7,10,-3,0,66,9.3,9,53,12,22
2011-02-02,5.1,13,-2,0,55,8.1,11,79,14,14
2011-02-03,4.4,14.6,-3,0,63,4.8,16,99,21.5,6
2011-02-04,5.6,16,-2,0,66,4.3,15,95,19,6
2011-02-05,6.7,19.5,-2,0,57,3,13,79,15,8
2011-02-06,7.3,19.3,-1,0,57,4.3,13,63.5,13,11
2011-02-07,7.1,18.8,-1.2,0,55,3.9,13,81,13,8.5
2011-02-08,5.9,16,-2,0,59,4.8,13,84,17,8
2011-02-09,5.8,15,-1.4,0,70,4.8,13.5,91,23,6
2011-02-10,6.3,15.6,-1.3,0,67,4.8,13,81,19,8
2011-02-11,6.2,14.3,-1,0,69,6.3,12,82,21,7
2011-02-12,6.7,14.8,-1,0,70,6.9,10,58,17,18
2011-02-13,6.7,12,0,0,76,14.1,8,35,8,39
2011-02-14,6.6,9.1,3.1,0.76,61,22.4,7,27,5,53
2011-02-15,6.6,10,4.8,0.25,89,12,7,48,5,34
2011-02-16,5.5,8.7,2,4.83,85,21.1,7,37,5,46
2011-02-17,6.7,10.5,3.5,5.08,70,23.7,7,27,6,63
2011-02-18,6.7,13.2,-0.5,0.25,73,7.6,8,56,9,30
2011-02-19,8.1,10,5.7,0,92,7,7,50,8,16
2011-02-20,9.4,15,6,0,79,8.3,7,30,6,36
2011-02-21,10.3,13.4,4.8,0.25,63,18.3,7,23,6,59
2011-02-22,13.5,16,9.2,0,59,19.6,7,23,6,56
2011-02-23,12.2,19.3,5.4,0,59,4.6,9,63.5,11,23
2011-02-24,11.2,20,2.7,0,62,6.5,9,59,11,15
2011-02-25,11.6,21.9,2,0,57,4.1,10,71,14,10
2011-02-26,12.1,21,3.6,0,58,5.6,11,69,15,12
2011-02-27,9.3,12.8,5.2,0,50,19.3,8,17,4,64
2011-02-28,5.7,10.7,-0.3,0,53,24.1,7,24,5,59
2011-03-01,5.2,10,1.3,0.25,54,21.9,7,22,6,60
2011-03-02,5.7,8.1,3,0,59,15.7,7,36,10,47.5
2011-03-03,2.7,8.2,-1.8,0,73,8.3,8,42,13,40
2011-03-04,3,6,0.5,0.51,92,8,7,49,11,40.5
2011-03-05,6.8,12.2,1.6,8.89,73,5.6,7,32,7,52
2011-03-06,6.5,14.3,-0.6,0,70,5.6,8,38,8,32.5
2011-03-07,10.3,17.5,3.8,0,55,9.3,8,39,11,47
2011-03-08,9.6,14.4,3.9,0,61,9.3,8,32,15,63
2011-03-09,10.6,15.1,6,0,66,8.1,7,33,14,50
2011-03-10,9.7,18.2,1.1,0,57,6.1,8,42,18,31
2011-03-11,6.8,12,2.3,0,82,7.2,8,56,16,23
2011-03-12,9.4,14,5.7,14.22,82,7.6,7,33,7,42
2011-03-13,9.9,13.8,5.8,0,80,10.2,7,23,7.5,45.5
2011-03-14,10.9,15,5.5,2.29,83,15.4,7,35,7,46
2011-03-15,10.4,13,8,3.81,74,17.2,7,27,5,50
2011-03-16,9.8,12,7.6,0,61,18.5,7,36,7,50
2011-03-17,11.4,17,6,0.25,63,14.6,8,41,8,42
2011-03-18,11.3,21.1,2,0,59,5.4,9,57,9,31
2011-03-19,12.4,21.8,3,0,51,5.4,8,42,8,44
2011-03-20,12.3,21.4,2,0,41,5,9,36,6,40.5
2011-03-21,10.8,16.8,3.2,0,58,8.1,8,29,10,65
2011-03-22,10.2,14.3,6,0,54,11.3,7,23,8,75
2011-03-23,9.2,13,4.8,0.76,67,12.6,7,33,8,57
2011-03-24,9.7,12,7.5,1.52,83,8,8,46,9,49
2011-03-25,11.6,15,8.7,0.25,79,6.7,8,48.5,16,49
2011-03-26,13.2,18.2,8,1.02,73,11.1,8,35,18,38
2011-03-27,10.4,14.4,6.8,3.3,81,18.9,7,18,5,65
2011-03-28,11,14.9,6,1.52,68,13.9,7,28,7,69
2011-03-29,12.8,17.6,7,0.25,62,10.4,7,27,6,66
2011-03-30,14.8,19.6,9.8,0,61,12,7,25,8,69
2011-03-31,13.9,22,5.3,0,64,5,8,58,13,25
2011-04-01,16.1,25.7,6.6,0,58,6.7,8,54,12,29
2011-04-02,14.9,21,8.4,0,64,6.3,8,49,14,37.5
2011-04-03,13.4,19,10,0,81,9.3,8,46,24,28
2011-04-04,15.9,22.1,10.5,6.86,74,5.6,7,31,12,48.5
2011-04-05,17,25.7,9,0,61,4.4,8,46,15,30
2011-04-06,17.4,25.5,9.4,0,56,8.5,7,44,17,37
2011-04-07,18.4,27.9,9.3,0,50,4.6,7,58,19,23
2011-04-08,19,29,9,0,47,6.1,8,77.5,20,19.5
2011-04-09,18.9,29,9,0,48,8.9,8,55,28,34
2011-04-10,17.5,24.7,9.5,0,57,9.1,7,37,19,54
2011-04-11,16.1,23.4,9.1,0,53,14.4,7,20,7,70
2011-04-12,16.4,24.5,9,0,46,8.7,7,29,15,70
2011-04-13,17.5,26,7,0,43,7.2,7,51,11,45
2011-04-14,17.5,27,6.9,0,43,8.7,8,65,13,38
2011-04-15,15.6,22.1,8.5,0,36,10.9,7,29,9,75
2011-04-16,14.8,21.2,9.6,0,56,9.8,6,20,13,79.5
2011-04-17,15.2,22.5,6.4,0,49,7,7,17,10,85.5
2011-04-18,15.3,22.5,5.6,0,42,9.3,7,27,10,83.5
2011-04-19,15.9,21.4,10.7,0,58,10.6,7,24,12,75
2011-04-20,15.5,20.9,12.2,1.52,76,12.4,6,24,9,56
2011-04-21,14,20.3,10,4.83,80,10.7,6,19,10,67
2011-04-22,11,15.1,8.6,27.94,86,10.9,6,15,3,71
2011-04-23,12.1,17,8.9,1.78,80,3.9,6,22,5,58
2011-04-24,14.2,19.6,8.7,1.02,67,12,6,14,4,70
2011-04-25,15.2,21,9.4,0,65,12.6,6,22,7,71
2011-04-26,15.2,20.7,9.9,1.27,61,10.7,6,25,9,77
2011-04-27,16.1,24,7.8,0,53,7,6,29,17,90
2011-04-28,17.1,24,8,0,49,8.7,6,45,15,73
2011-04-29,14.6,20.4,9.3,0,67,9.4,6,30,14,79
2011-04-30,13.4,16.2,10.9,0,79,11.7,6,24,7,70
2011-05-01,15.1,20.4,11,1.02,67,10.6,6,18,7,70
2011-05-02,15.7,22.6,10.5,4.06,73,6.9,6,25,7,61.5
2011-05-03,16.6,22.5,9.3,0,64,10.7,6,43,11,39.5
2011-05-04,16.7,22.8,9,0,50,8.9,6,40,9,54
2011-05-05,16.3,23.9,7.5,0,54,6.3,7,49,11,41.5
2011-05-06,18.5,23,13.7,0,62,16.7,6,24,13,75
2011-05-07,15,18,12,0,72,15.7,6,23,10,68
2011-05-08,15.4,21.3,7.2,17.02,64,8.3,6,25,7,56
2011-05-09,17.9,27,8.3,0,58,5.2,7,46,10.5,35
2011-05-10,19.3,26.5,10.2,0,55,7.2,7,36,13,62
2011-05-11,20,27.4,10.7,0,48,6.1,6,32,12,61
2011-05-12,18.8,23.6,14.3,0,59,6.9,7,43,12,53
2011-05-13,20.6,27.1,13.9,0.25,53,6.3,6,33,11,62
2011-05-14,17.6,27.6,10.6,0,69,10.4,6,35,14,49
2011-05-15,14.4,22,6.2,3.56,48,15.6,5,12,5,70
2011-05-16,17,24.3,8.8,0,49,7.4,6,21,7,64
2011-05-17,17.8,25.4,10.1,0,57,7.8,6,36,12,55
2011-05-18,18.7,25,12.6,0,51,12.6,6,28,11,58
2011-05-19,15.2,19.1,11.3,3.3,70,8.1,6,24,8,53
2011-05-20,18.1,26,8.9,0,52,6.1,6,39,10,44.5
2011-05-21,20.3,27,11.6,0,46,6.3,6,32,12,69
2011-05-22,20.8,28,13.8,0.25,50,7.8,6,30.5,11,63
2011-05-23,21.6,30,12.1,0,46,6.3,6,38,11,64
2011-05-24,23.6,31.2,13.9,0,39,6.1,6,36,10,63
2011-05-25,24.1,32,14.6,0,33,7,6,49,13,58.5
2011-05-26,23.1,30.5,16,0,40,12,6,37.5,15,73
2011-05-27,18.8,25.7,14.7,1.02,77,7,6,39,12,47
2011-05-28,20.8,28.5,12.2,4.57,62,5.6,6,32,10,45
2011-05-29,22.4,29,15.4,2.29,53,11.9,6,20,12,66
2011-05-30,18.2,23,15,10.41,79,10.2,6,28,13,49
2011-05-31,18.4,24,12,7.62,65,12,6,23,7,56
2011-06-01,15.2,22,8.3,0,43,19.3,5,17,5,71
2011-06-02,16.1,22.3,8.6,0,48,16.1,5,19,9,76
2011-06-03,17.3,24,11,0,47,9.1,6,25,10,82
2011-06-04,18.2,25.3,11.3,0,53,6.7,6,28,7,68
2011-06-05,19.6,27,11.9,0,55,9.6,6,22,7,66
2011-06-06,16.2,20.1,13.7,3.05,87,5.4,6,42,10,56
2011-06-07,15.2,19.5,12,22.1,87,5.7,6,39,8,51
2011-06-08,17.6,23,11.1,7.87,55,9.3,6,29,8,55
2011-06-09,18.1,24.6,9.8,0,49,11.5,6,34,11,66.5
2011-06-10,18.8,25.2,10.5,0,49,5.7,6,34,11,62
2011-06-11,20.4,28,12.1,0,45,7,6,24,8,52
2011-06-12,23.1,31,12.6,0,37,10.9,6,26,9.5,56
2011-06-13,24.3,31,17.2,0,33,8.1,6,37,9.5,53
2011-06-14,24,31.3,13.9,0,32,8,6,40,10,57
2011-06-15,25.2,33,15.1,0,34,8.5,6,47,14,57
2011-06-16,24.9,31.3,16.4,0,36,9.3,6,38,11,60.5
2011-06-17,24.2,31,13.5,0,36,12.2,6,38,10,57
2011-06-18,23.5,30,16.3,0,30,10.9,6,23,7,61
2011-06-19,23.3,32.1,11.5,0,29,5.6,6,29,10,71
2011-06-20,26.6,35,15.7,0,34,8.5,6,47,16,51
2011-06-21,28.8,37,17.4,0,28,11.5,6,46,14,52
2011-06-22,26.7,34,16.2,0,27,14.3,6,40,13,57
2011-06-23,25.2,33,13.8,0,26,7.6,6,31,10,70
2011-06-24,25.3,34,15.8,0,35,7.2,6,24.5,14,75
2011-06-25,28.4,36,17.5,0,29,5.7,6,27,15,69
2011-06-26,30.6,38,20.7,0,29,6.5,6,20,18,77.5
2011-06-27,30.9,38,21.1,0,26,10.9,6,37,19,65
2011-06-28,29.7,37,19.2,0,26,12.4,7,46,23,58
2011-06-29,26.7,35,18.8,0,36,11.9,6,25,15,66
2011-06-30,26.2,35,16.1,0,31,9.4,6,27,10,66
2011-07-01,27.4,35.1,17.1,0,30,10.9,6,32.5,14,68
2011-07-02,28.6,36,18.6,0,26,10.4,6,37,15,61.5
2011-07-03,26.3,32.1,19.3,0,24,15,6,22,13.5,74
2011-07-04,25.4,32,17.3,0,35,6.5,6,31,13,84
2011-07-05,27.2,35,16.8,0,27,12.2,6,37,13,77
2011-07-06,27.3,33,18.8,0,25,14.1,6,28,9,64
2011-07-07,24.3,31,14.7,0,25,13,6,27,9,73
2011-07-08,23.3,31,12.4,0,26,8.1,5,30,9,60
2011-07-09,26,33,16.2,0,30,10.9,5,22,7,48
2011-07-10,27.1,34,15.3,0,23,10,5,23,7,66
2011-07-11,26.6,36,14.4,0,22,10.2,6,49,13,61
2011-07-12,24.7,32,15.7,0,32,15.7,5,31,10,63
2011-07-13,20.4,25.8,14.9,0,43,21.9,5,16,6,71
2011-07-14,21.6,29,12.6,0,32,9.8,5,28,9,76
2011-07-15,25.1,33,14.9,0,29,8.1,5,30,11,69.5
2011-07-16,27.2,35,15.8,0,25,13.9,6,33,12,72
2011-07-17,26.2,31,20.6,0,30,15.6,5,12,5,62
2011-07-18,23.4,31,13.4,0,30,12.4,5,23,8,59
2011-07-19,23.6,28,18,0,33,21.9,5,16,6,58.5
2011-07-20,23.7,32,13.4,0,28,8.1,5,29,6,56.5
2011-07-21,25.8,35,15.5,0,26,9.8,6,33,9,56
2011-07-22,23.9,32.1,15.7,0,38,11.9,5,19,10,67
2011-07-23,24,32.2,15.4,0,30,13.1,5,14,8,74.5
2011-07-24,22.9,30,14.4,0,32,10.6,5,12,6,63
2011-07-25,24.8,32,15.8,0,36,5.7,5,16,7,47
2011-07-26,26.7,35,16.9,0,35,10.6,6,36,14,49
2011-07-27,25.4,33,17,0,31,11.7,5,18.5,7,56
2011-07-28,26.6,34,17.5,0,37,7.6,5,27,12,60
2011-07-29,28.1,35.3,18.3,0,28,12,6,38.5,15,67.5
2011-07-30,28.9,35.2,19.6,0,27,10,5,26,14,90
2011-07-31,28,35,18.6,0,28,10.4,6,16,11,92
2011-08-01,27.6,34,18.9,0,32,9.4,6,36,16,68
2011-08-02,23.9,28,18.2,0.51,46,16.5,5,22,11,69
2011-08-03,24.6,31.6,15,0,39,6.3,5,31,12,68
2011-08-04,27.3,35,16.8,0,29,6.5,6,41,13,68
2011-08-05,27.5,34.1,19,0,29,12.4,6,34,9,55
2011-08-06,26.4,33,16.1,0,34,14.1,5,18.5,7,62
2011-08-07,27.2,33,20,0,36,14.8,5,13,5,55.5
2011-08-08,26.2,34,18.2,0,27,9.8,5,20,7,67
2011-08-09,25.3,34,16.3,0,24,10.2,5,17,8,63
2011-08-10,26.4,35,16.7,0,34,7.8,5,23,13,62
2011-08-11,29.1,37,19.7,0,37,8,6,26,18,62
2011-08-12,27.8,36.1,19,0,36,10.7,6,38,20,65
2011-08-13,25.6,32,18.2,4.57,49,8,5,24,11,68
2011-08-14,27.6,35,17.8,0,34,10.9,5,31,18,69
2011-08-15,28.4,36,18.4,0,28,6.9,5,34,12.5,48
2011-08-16,28.2,37,17.9,0,31,7.2,6,50,15,41
2011-08-17,28.4,36.1,18,0,27,10.2,6,49.5,14,46.5
2011-08-18,27.4,36,17,1.27,37,12.2,6,40,18,55.5
2011-08-19,29.1,37,19.7,0,32,6.5,6,24,16,71
2011-08-20,30.8,40,20.8,0,26,10.7,6,26,16,68
2011-08-21,28.5,37,20.3,0,33,10.6,5,18,15,69
2011-08-22,24.5,28.6,19.4,1.02,47,12,5,19,14.5,61
2011-08-23,24.9,32,15.4,0,40,9.1,6,34,13,57.5
2011-08-24,25.4,31.1,17.7,0,31,11.3,5,28,11,65
2011-08-25,24.9,32,14.6,0,32,14.1,6,39,10,48
2011-08-26,22.6,26,14.9,0,33,19.8,5,17,6,56
2011-08-27,20.1,29,9.1,0,26,7,5,21,6,55
2011-08-28,23.8,32,13.9,0,25,10.2,5,19,9,63
2011-08-29,24.2,32,13.5,0,23,11.5,6,47.5,11,52.5
2011-08-30,23.6,32,12.9,0,21,11.9,6,42,10,57.5
2011-08-31,23.1,27.9,17.8,0,45,12,5,25,9,48
2011-09-01,23.2,29,16.9,0,48,11.3,6,27,7,42
2011-09-02,21.5,25.6,16.1,0,47,9.8,5,22,6,57
2011-09-03,18.8,23.4,14.8,0.51,66,5.4,5,35,7,41.5
2011-09-04,20.8,27.6,11.8,0.76,52,11.9,5,20,7,52
2011-09-05,21.9,29,13.8,0,38,5.7,6,33,7,56
2011-09-06,23.2,31.1,13.5,0,36,7.6,6,36,9,57
2011-09-07,24.2,34,12.8,0,26,6.7,6,62,11,43.5
2011-09-08,24.8,34,13.8,0,21,6.9,6,62,11,51
2011-09-09,25.2,35,13,0,22,8,7,55,12,48
2011-09-10,24.9,32.5,14.1,0,25,11.1,6,48,15,61
2011-09-11,22.4,29,13.6,0,37,8,5,23,7,54.5
2011-09-12,23,33,11.7,0,31,5,6,47,8,46
2011-09-13,24.8,34,14.7,0,30,6.1,6,56,13,42
2011-09-14,25.8,33.1,17.8,0,33,8.3,6,37,11.5,54
2011-09-15,25.3,33,15.7,0,31,8.3,6,34,10,50
2011-09-16,24.7,32,16.7,0,35,8.9,6,50,15.5,47.5
2011-09-17,24.1,31,14.8,0,37,11.1,5,45,17,55.5
2011-09-18,21.2,25.7,14.7,0,33,13.3,5,18,7,68
2011-09-19,17.4,26.3,8.4,0,34,7,5,26,5,50
2011-09-20,20,30,10,0,29,6.7,5,45,8.5,42
2011-09-21,21.2,30.5,11.6,0,34,7.4,6,58,14,34
2011-09-22,21.6,30.3,11.8,0,34,6.1,5,74,17,28
2011-09-23,22.1,29,14.4,0,37,9.6,4,55,18,41
2011-09-24,21.1,26.3,13.5,0,31,8.5,2,25,11,64
2011-09-25,22.9,28.1,15.5,0,25,5.7,3,39,10,36
2011-09-26,19.6,29.9,10.4,0,34,5.6,3,50,15,45
2011-09-27,21.2,30.3,12.2,0,35,6.1,3,52,15,42
2011-09-28,20.1,26.6,11.8,0,36,5.2,3.5,60.5,13,28.5
2011-09-29,20.4,28.1,10.8,0,37,7.2,3,52.5,15,32.5
2011-09-30,20.2,27.5,12.2,0,43,5.6,3,33,16,57
2011-10-01,19.8,27.1,11,0,48,8.7,2,22.5,22,65
2011-10-02,19,26.8,10.6,0,49,6.1,2,20,20,63
2011-10-03,19.1,29.7,8.9,0,33,6.3,3,68,18,31.5
2011-10-04,20.4,30.4,10,0,24,4.8,3,50.5,11,50
2011-10-05,20.2,31.5,9.1,0,25,5.6,4,63,13,36
2011-10-06,20.8,31.2,10.3,0,30,4.3,4,72.5,15,16
2011-10-07,18.2,22.2,11.9,0,46,15.9,2,23,11,43.5
2011-10-08,16.1,23.7,9,0,43,12.4,2,14,4,52
2011-10-09,16.8,25.4,7.4,0,43,9.4,2,16.5,6,41
2011-10-10,18.4,29,8.5,0,38,5.2,3,45,9,25
2011-10-11,18.9,31.4,8.3,0,31,5.2,4,71,12,12
2011-10-12,20.4,32,9.5,0,28,6.3,4,53,11,21.5
2011-10-13,20.4,32,9.8,0,23,5.6,4.5,72,12.5,13
2011-10-14,19.2,30.1,8.4,0,22,5.2,4,66,11,22
2011-10-15,17.5,26.7,8.3,0,39,5.9,3,37,13.5,30
2011-10-16,17.1,27,8.8,0,46,5.4,3,43.5,16,26
2011-10-17,15.5,24,8.6,0,53,5,4,51,14,26.5
2011-10-18,15.1,24.5,6.6,0,48,4.8,4,67,16,12
2011-10-19,15.2,25.4,6.9,0,44,8,5,73,21,18
2011-10-20,13.6,19.5,8.5,0,42,13,2,20,4,50
2011-10-21,11.3,21.3,2,0,52,5.4,3,48,8,37.5
2011-10-22,14,22.9,6.8,0,54,5.4,3,40,13,27
2011-10-23,14.4,21.4,9.2,0,67,11.9,3,27.5,10,41
2011-10-24,13.7,16.7,10,2.54,76,18.9,2,33,8,32
2011-10-25,11.5,15.3,7.5,4.57,61,20.2,2,24,7,40
2011-10-26,11.8,16,6,0,72,12.2,3,38,8,26
2011-10-27,12.2,15.7,9,8.64,89,16.5,2,36,8.5,33.5
2011-10-28,13.1,18,8.3,20.83,70,9.4,4,30,7,26.5
2011-10-29,13.1,20.3,6.6,0,71,7.4,3,25,6,27.5
2011-10-30,14.1,22,7.2,0,72,5,4,28,9,22.5
2011-10-31,14.5,21.5,7.6,0,73,7.4,5,46,14,9
2011-11-01,15.3,20,11.8,0,77,8.5,3,40.5,15,13
2011-11-02,14.5,18,10.7,0,78,16.3,3,37,14,26
2011-11-03,12.6,16,8.7,2.79,82,19.6,3,34,7,34
2011-11-04,10.1,12.3,8.5,7.11,91,7.4,3,44,6.5,26
2011-11-05,10.2,12,8.4,4.57,75,8.7,3,25,6,35
2011-11-06,10.9,14.5,8.5,0,60,15.4,3,27.5,6,41.5
2011-11-07,11.6,14,8.7,0.51,81,4.4,6,65,13,5
2011-11-08,10.5,16.1,5.3,0.25,71,6.5,5,52,12,7
2011-11-09,9.4,14,4.8,0,82,3.9,5,57,15,6
2011-11-10,13,16.6,10.3,0.25,87,5.4,5,54,15,6
2011-11-11,13.8,19.3,9.9,0.51,81,4.8,6,52,12,7
2011-11-12,14.4,21.2,8.5,0,70,9.6,4,27,9,33
2011-11-13,13.7,18,9,0,73,9.6,3,20,8,45
2011-11-14,12.1,16,7.4,0,81,10.4,3,38,8,37
2011-11-15,9.1,12.1,5.8,11.68,88,6.9,3,49,8,16
2011-11-16,9.1,13.4,5.7,0,85,5,4,50,10,19.5
2011-11-17,9.3,14.5,3.8,0,84,3.9,5,46,10,12
2011-11-18,10.6,14,7,0,86,5.2,3,45,9,26
2011-11-19,11.6,15.1,9.5,3.81,81,11.9,3,24,6,41
2011-11-20,11.6,13,9.9,11.68,94,6.1,3,32,9,26
2011-11-21,12.1,16.4,9.7,2.54,82,5.4,4,42,9.5,12.5
2011-11-22,10.6,12,9.5,0.51,89,4.3,4,47,10,13
2011-11-23,12.6,17,8,3.3,72,9.4,3,32.5,8,26
2011-11-24,9.3,17,4,0,77,6.1,6,43,11,17
2011-11-25,8.8,17,2,0,73,4.8,7,55,11,7
2011-11-26,7.7,15.5,2.3,0,73,7.6,5,41,11,12
2011-11-27,6.2,14.9,0,0,78,4.6,7,49,13,6
2011-11-28,6,14,0,0,79,3.7,7,71,18,5
2011-11-29,5.7,14.6,-0.3,0,84,4.8,8,69,20,4
2011-11-30,6.1,14.1,0,0,84,4.1,8,64,19,5
2011-12-01,6.1,13.1,-0.5,0,84,5.7,7,63.5,20,4
2011-12-02,7.9,10.2,4.1,0,70,13.5,4,41,7,28
2011-12-03,5.3,11,0.5,1.02,78,5,5,56,9,9
2011-12-04,4.4,11,-1,0,84,4.6,6,54.5,15,5
2011-12-05,6.6,13.8,-0.4,0,82,4.6,6,59,14,6
2011-12-06,9.3,15.4,3.9,0,74,7.2,4,35,6,27
2011-12-07,4.7,12,1,0,90,4.1,7,57,18,4
2011-12-08,5.1,15.6,-1,0,84,3.1,8,58,17,4
2011-12-09,4.2,10.1,0,0,89,4.3,7,60.5,20,4
2011-12-10,4.1,5,2.4,0,98,5.4,4,50,16,4
2011-12-11,5.7,8.5,3.4,1.02,89,5.2,3,36,9,9
2011-12-12,7,10,3.6,0,90,8.3,3,38,7,18
2011-12-13,8.8,11.3,5.1,0,84,17.4,3,29,6,33
2011-12-14,11.2,14,8,0,77,16.7,3,29,6,36
2011-12-15,8.8,12.1,5.6,0,64,15.4,3,36,7,35
2011-12-16,9.4,13,5.4,0,79,28,2,24,5,41
2011-12-17,5.9,11.1,0.3,1.02,61,7.2,3,32,7,38
2011-12-18,4.1,9.2,-2,0,66,10,4,33,6,30
2011-12-19,2.7,10.3,-3,0,70,3.3,6,63,10,6
2011-12-20,2.4,10,-3.4,0,78,4.8,9,77,19,3
2011-12-21,6.4,17,-1.4,0,77,5.6,13,91,29,3
2011-12-22,5.6,15.9,-1,0,79,3.9,10,70,17,3
2011-12-23,4,14.7,-3,0,77,3.9,10,76,21.5,3
2011-12-24,6.8,12.4,0,0,59,10,5,28.5,5,23
2011-12-25,3.9,14.9,-3,0,58,5.2,7,43.5,8,14
2011-12-26,3.2,11.8,-3,0,70,4.4,8,55,11,6
2011-12-27,3,13.1,-3,0,76,4.4,9,62,16,4
2011-12-28,3.3,12,-3,0,71,5.7,8,67,13,5
2011-12-29,5.1,11.3,-1,0,61,12.2,5,42,6,24
2011-12-30,2.6,11,-3.8,0,66,4.3,8,69,11,5
2011-12-31,4.2,13.2,-2,0,68,4.4,10,77,19,3
2012-01-01,4.5,12.6,-2,0,75,6.5,8,54,18,6
2012-01-02,8.7,12.3,2,0,69,17.8,4,24,6,37
2012-01-03,3.8,11.9,-2.1,0,76,5.2,7,66,13.5,5.5
2012-01-04,3.6,13.3,-3.2,0,77,4.1,9,78,19,4
2012-01-05,4.4,14,-2,0,81,4.6,13,91,24,4
2012-01-06,7.5,16,0,0,74,13.1,10,60,13.5,5
2012-01-07,6.1,15,-1.1,0,75,3.3,8,49,7,6
2012-01-08,4,15.6,-2.5,0,61,6.3,8,52,10,7
2012-01-09,3.7,16.2,-4,0,61,6.1,9,60,11,4
2012-01-10,3.2,13.5,-3.4,0,67,4.3,9,54,10,6
2012-01-11,3.4,13.6,-3.1,0,66,5.2,9,56,10,8
2012-01-12,2.6,11.3,-4,0,73,4.4,8,67,15,4
2012-01-13,3.8,8,-0.1,0,78,3.9,10,73,20,3
2012-01-14,2.1,10.4,-3.1,0,85,4.6,9,70,29,4
2012-01-15,0.9,4.1,-3,0,93,2.6,6,57,22.5,4
2012-01-16,4.2,6,1.9,0.51,89,11.9,4,33,6,22
2012-01-17,5.3,12,0,3.56,69,6.9,5,37,8,33
2012-01-18,3.1,12.9,-3,0,74,4.3,8,65,12,7
2012-01-19,5.4,14,-0.2,0,79,4.8,10,73,17,4
2012-01-20,6.3,15.1,-0.6,0,77,7.2,9,57,11.5,6
2012-01-21,7.6,15.5,-0.2,0,70,5.9,7,47,7,12.5
2012-01-22,6,15.9,-1,0,76,4.4,8,50.5,11,5
2012-01-23,5.6,14.1,-1.3,0,72,6.7,7,42,9,11
2012-01-24,6.2,16,-0.2,0,62,9.6,6,40,7.5,13
2012-01-25,4.5,14,-3,0,72,5,9,67,14,5.5
2012-01-26,3.2,10.8,-3,0,83,4.1,9,63,23,4
2012-01-27,5.7,9.1,1.5,0,76,9.8,6,37,9,19
2012-01-28,5.2,11.5,0,0,59,13,5,22,4,41
2012-01-29,5.4,9,2,0,48,22.6,5,23,5,45
2012-01-30,3.3,10.8,-4,0,55,5.7,7,61,11,13
2012-01-31,3.2,13,-4,0,63,5.9,8,65,14,8
2012-02-01,3.4,12.3,-4,0,72,4.4,8,68,14,10
2012-02-02,1.2,4.4,-2,2.79,51,29.6,3,23,10,48
2012-02-03,-0.2,4.3,-2.1,0,40,29.1,3,20,8,58
2012-02-04,0.7,5.4,-3,0,46,28.7,3,15,6,58
2012-02-05,4.4,11,-1.4,0,57,19.1,5,26,6,45
2012-02-06,8.6,14.6,4.4,0,53,16.3,6,39,7,32
2012-02-07,5.9,9.2,0,0,59,20.4,5,27,4,40
2012-02-08,0.8,5.4,-2.1,0,47,22.8,4,27,8,48
2012-02-09,0.9,11,-6.4,0,57,6.9,7,51,10,24.5
2012-02-10,1.5,10.4,-6,0,55,10.6,8,55,14,19
2012-02-11,0.7,8.1,-7,0,38,11.1,5,31,8,47
2012-02-12,-0.5,6.5,-7,0,40,18.3,5,26,8,48.5
2012-02-13,2.1,7.8,-3.2,0,50,22,5,24,7,49.5
2012-02-14,4.6,10.5,-0.5,0,59,11.5,7,46,7,28
2012-02-15,4.3,12,-3,0,58,12.4,5,34,6,40
2012-02-16,5.3,11.6,-1.7,0,56,14.1,6,35,7,35
2012-02-17,4.7,13.8,-2,0,54,7.2,6,32,7,41
2012-02-18,4.3,13.8,-4,0,52,6.9,7,55,12,20
2012-02-19,4.9,15,-4,0,57,8.3,7,36,10,36
2012-02-20,5,13,-3,0,35,9.6,6,29,5,47
2012-02-21,3.1,14.3,-6,0,32,5.6,10,69,11,10
2012-02-22,3.9,16.3,-5.3,0,28,5.7,9,64,10,17
2012-02-23,5.3,18.5,-5,0,25,6.9,9,65,9.5,15.5
2012-02-24,6.7,19.2,-3,0,28,5.7,9,65.5,9,12.5
2012-02-25,7.8,20.2,-2.9,0,31,6.7,8,62.5,12,15
2012-02-26,11.3,22,1.7,0,40,5.6,8,62,19,25.5
2012-02-27,10.5,20.2,1.6,0,42,5.9,6,39.5,7,35
2012-02-28,10,20.9,0.7,0,48,4.8,7,54,13,24
2012-02-29,11.3,21,1.8,0,47,5.7,8,65,17,22
2012-03-01,11.2,20.6,1.5,0,47,5.6,6,58,15,25
2012-03-02,9.3,12.5,2.9,0,70,7.6,5,49,16,29
2012-03-03,9.7,15.4,2.6,0,67,7,4,31,10,39
2012-03-04,10.6,16,4.1,0,69,11.1,4,25,7,40
2012-03-05,8.4,15.6,1,0,46,8.5,5,25,4,52
2012-03-06,7.4,14.5,0.4,0,36,9.4,5,35,7,45.5
2012-03-07,7.3,14.3,-2,0,34,7.2,6,43,8,44
2012-03-08,8.7,16.8,-0.7,0,39,18.5,7,53,10,32.5
2012-03-09,10.7,22.1,-0.8,0,35,10.4,6,45,9,33
2012-03-10,9.4,17.7,1.4,0,37,5.6,5,29,9,49
2012-03-11,11.5,21.8,0.9,0,35,7.6,5,31,7,35
2012-03-12,12.2,23.4,1.4,0,35,6.9,6,52,10,30
2012-03-13,12.7,23.6,2.3,0,32,6.3,6,58,11,21
2012-03-14,13.7,25.4,2.3,0,29,5,7,64,13,23
2012-03-15,14.6,24.8,4.2,0,27,5.4,5,52,11,33
2012-03-16,12.8,19,6,0,40,10.4,3.5,34,13,50.5
2012-03-17,10.3,16.9,2.2,0,59,18.7,3,21,12,58
2012-03-18,9.3,14,3.7,0,41,15.9,2,16,4,59
2012-03-19,7.9,14.3,1,0,40,15.9,3,15,5,59
2012-03-20,7.1,12.4,0.4,0,44,15.7,3,19,5,58
2012-03-21,4.5,7,1.5,7.87,87,14.1,2,37,7,31
2012-03-22,8.3,15.1,1.5,3.56,68,4.4,4,50,12,19
2012-03-23,11.1,19.4,1.4,0,54,6.9,5,45,9,27.5
2012-03-24,12.4,21,4,0,48,6.5,4,37,10,45
2012-03-25,12.9,22.2,3.2,0,43,6.3,4,37,12,37
2012-03-26,12.6,20.6,3.5,0,37,8.5,3,35,11.5,47
2012-03-27,12.5,20.8,2.9,0,40,6.9,4,34,15,52.5
2012-03-28,13.2,22.6,3,0,38,6.9,4,35,18,58
2012-03-29,13.3,22.7,3,0,32,7,3,30,13,57
2012-03-30,14.3,23.4,2.8,0,30,6.5,4,45,11,38.5
2012-03-31,14,20.8,5.4,0,37,7.6,4,44,13,42
2012-04-01,15.2,22.6,7.4,0,44,7.8,3,31,13,56
2012-04-02,13.9,20.1,8.5,0,60,7.2,3,25,8,56
2012-04-03,11.9,17,10,0.51,79,7,2,33,7,49
2012-04-04,10.3,11.6,9,5.33,94,6.7,2,39,8,32
2012-04-05,9.6,13.9,7.8,6.1,85,10.4,2,19,8,52
2012-04-06,6.9,11.3,2.7,3.3,73,16.7,2,13,5,72
2012-04-07,7.6,12,3,0,72,15.6,2,14,5,65
2012-04-08,10.3,18.8,1,0,60,5.6,3,33,8,33
2012-04-09,14.2,22,3.9,0,47,9.1,3,39,7,37
2012-04-10,14.1,17.2,10.7,0,54,21.1,2,27,8,52
2012-04-11,11.9,16.1,7.3,0.51,50,17.4,2,18,6,68
2012-04-12,11.8,15.8,8.8,0,64,9.1,3,32,6,44
2012-04-13,10.3,14.9,5.8,0,66,16.7,2,21,6,59
2012-04-14,9.3,15.2,5,0,68,23.5,2,14,5,70
2012-04-15,8.4,13,4,1.27,54,23.2,2,14,5,69
2012-04-16,8.2,12.2,5,0,41,31.9,2,16,7,79
2012-04-17,11.4,20,0.8,0,41,12.8,3,28,7,51
2012-04-18,10.7,14.5,6.9,0,55,26.3,2,18.5,6,68
2012-04-19,11.4,16.4,7.9,0,59,26.3,2,18,6,71
2012-04-20,13.6,19,9,0,54,23,3,20,7,63
2012-04-21,14.6,20,8.2,0,58,16.1,2,20,7,48.5
2012-04-22,13.9,19.6,7,0.25,46,15.4,2,15,6,66.5
2012-04-23,12.9,20.1,3.8,0,51,18.9,2,16,7,68
2012-04-24,12.7,18,7.2,0,38,18.7,2,16,6,78
2012-04-25,13.4,19.2,7.2,0,49,21.3,2,22,8,61
2012-04-26,12.7,17,9,0,76,14.8,2,26,8,53
2012-04-27,13.1,20.2,7.9,0.25,76,12,3,33,7,33
2012-04-28,9.6,11.1,6.8,5.59,81,15.9,2,20,5,68
2012-04-29,8.2,13.2,6,4.06,82,13.3,2,17,6,67
2012-04-30,9,14.8,5,3.3,74,13.5,2,23,6,57
2012-05-01,9.4,15,3.4,1.27,71,7.6,2,27.5,7,47
2012-05-02,11.9,19,4.4,0,59,9.6,3,24,8,44
2012-05-03,12.1,18,5.6,0,73,12.2,3,41.5,9.5,35
2012-05-04,11.9,16.4,9,8.38,81,17,2,26,7,52.5
2012-05-05,11.9,16.4,8.6,6.6,78,14.1,2,17,5,57
2012-05-06,13.2,19.1,8.1,2.29,71,8.5,2,19,6,53.5
2012-05-07,14.3,20,6,0,64,10.9,2,26,8,47
2012-05-08,18.4,24,13.2,0,63,16.9,2,20,7,35
2012-05-09,19.2,27,10.1,0,52,6.5,3,34,8,21.5
2012-05-10,22.4,32,11.9,0,44,7.6,3,38,11,38
2012-05-11,24.3,33,13.8,0,41,5.9,3,34,12,48.5
2012-05-12,24.2,33,15.5,0,44,8.3,3,40,16.5,39
2012-05-13,24.9,33,15,0,36,13.7,2,27,14,43
2012-05-14,24.2,31,13.5,0,33,13.7,2,24,10,55.5
2012-05-15,21.7,29.3,14,0,31,10.4,2,17,9,64.5
2012-05-16,20.8,30,10.4,0,33,6.9,3,30,10,66
2012-05-17,22.9,30,15.3,0,43,10.6,3,35,18,57
2012-05-18,23.2,28,14.7,0,27,15.6,2,26,14,65.5
2012-05-19,16.7,20,10,0,56,20.7,2,13,6,52
2012-05-20,12,17.3,7.8,2.79,59,11.1,2,12,4,56
2012-05-21,13.2,19,6.5,0.25,46,15.9,2,21,6,55
2012-05-22,17.1,24,7.2,0,44,8,2,23,8,52
2012-05-23,20.5,29.3,9.1,0,39,7.8,3,28,7,45.5
2012-05-24,23.3,32,12.7,0,27,6.9,3,35,9,62.5
2012-05-25,24.1,32,14.3,0,29,12,3,37,13,65
2012-05-26,21,26,14.5,0,24,16.1,2,14,8,70
2012-05-27,19.9,28,10.1,0,27,7.8,2,18,7,59
2012-05-28,23.5,30.3,13.3,0,24,8.7,3,26,8,63.5
2012-05-29,23.4,30,14.6,0,28,9.3,3,26,10,69
2012-05-30,23.8,32,13.9,0,25,6.1,3,45,13,48
2012-05-31,26,35,14.5,0,24,8.5,3,36,14,64.5
2012-06-01,26.7,35,15.8,0,23,8,3,33,12,64
2012-06-02,24.7,31,16.8,0,37,14.3,3,22,19,64
2012-06-03,23.9,28.4,18.6,0,37,13.1,2,11,7,63
2012-06-04,23.5,30.7,12.7,0,31,6.5,2,30,7,63
2012-06-05,25.5,33,15.6,0,31,11.1,2,25,9,65
2012-06-06,25.7,32,17.2,0,37,15.2,2,18,8,37
2012-06-07,24,27.2,20.4,0,40,24.6,2,15,6,47.5
2012-06-08,20.8,25.2,13.8,0,34,9.1,2,21,6,64
2012-06-09,20.6,28,10.1,0,33,12,2,22,8,54
2012-06-10,23.9,30,17.3,0,41,20.2,2,11,6,47
2012-06-11,21.6,27,16.5,0,33,25.6,2,12.5,5,64
2012-06-12,18.8,25,12.5,0,35,14.4,2,11,6,56
2012-06-13,20.4,28.6,10.8,0,29,6.7,2,24,6,52
2012-06-14,23.7,31,13.6,0,27,14.6,3,24,11,63
2012-06-15,25.4,32,16.1,0,28,17.6,2,20,8,51
2012-06-16,25.1,32.1,14.3,0,26,13.7,2,20,9,38.5
2012-06-17,26.1,33,16.5,0,27,13.3,2,15,6,41
2012-06-18,24.8,32.6,15,0,32,7,3,27,9,31
2012-06-19,21.9,25,16,0,63,9.6,2,28,16,43
2012-06-20,22.7,30.9,13,0,37,11.1,2,29,9,42.5
2012-06-21,25.1,30.2,19.6,0,31,17.4,2,16,6,63
2012-06-22,25.2,32.3,14.7,0,22,9.8,2,32,6,66
2012-06-23,27.1,35.2,16.9,0,21,8,2,26,12,66
2012-06-24,28.6,37.4,16.9,0,20,5.9,3,22,12,71
2012-06-25,30.9,38.5,21.8,0,21,8.7,3,29,13,78
2012-06-26,31.9,40,22,0,20,8.3,3,42,16,55
2012-06-27,31.6,38,22.2,0,19,10.2,4,47,31,42.5
2012-06-28,31.2,36,23.2,0,19,18.9,3,24,52,66
2012-06-29,27.2,31,20.9,0,25,21.1,2,20,42,59
2012-06-30,23.1,28,18,0,28,16.7,2,15,9,69
2012-07-01,21.5,27,15.6,0,29,14.3,2,10,6,64
2012-07-02,22.2,31,11.6,0,24,7,2,22,8,57
2012-07-03,26.2,34,15.5,0,20,10.4,3,41,14,53
2012-07-04,26.5,32,16.7,0,26,12.4,2,25,13,58
2012-07-05,23.9,29,16.4,0,28,13,2,18,8,61
2012-07-06,24.1,31,14.6,0,28,9.4,2,21,8,54.5
2012-07-07,25.6,33,14.9,0,27,18.7,2,19,9,57
2012-07-08,25.4,33,15.1,0,25,9.6,2,16,7,57
2012-07-09,25.9,33,14.4,0,19,15.2,2,29,9,62
2012-07-10,25.2,31.2,14.3,0,18,16.5,2,21,9,72.5
2012-07-11,24.3,32,13.3,0,23,13,2,23,11.5,72.5
2012-07-12,25.1,33,13.8,0,24,11.7,3,30,10,68.5
2012-07-13,27.5,36,14.7,0,18,16.3,3,28,12,60
2012-07-14,25.9,32,19.3,0,27,10.7,2,13,8,55
2012-07-15,24.3,32.2,15.2,0,26,8,2,12,10,64
2012-07-16,26.1,34,17.9,0,30,9.6,3,16.5,13,58
2012-07-17,29.2,37,18.6,0,18,7.8,3,20,8,60
2012-07-18,29.9,37,18.8,0,19,7.6,3,31,12,57
2012-07-19,30.1,39,18.6,0,15,10.2,3,50,18,45
2012-07-20,28.2,36,17.4,0,19,12.4,3,35,17,57
2012-07-21,27.8,35,19.4,0,28,12,2,12,10,61
2012-07-22,27.5,35.1,18.9,0,22,10.6,2,12,6.5,63
2012-07-23,27.5,35.5,16.3,0,18,8.1,2,21,8,66
2012-07-24,27.8,35,19.5,0,34,9.4,3,19,17,72
2012-07-25,27.8,36,20,0,34,13.3,3,26,17,71
2012-07-26,26.4,35.2,19.2,1.52,45,11.9,2,22,18,66
2012-07-27,24.2,33,17.7,4.57,52,9.4,2,24,14,68
2012-07-28,24.9,31.6,16.6,0,44,8.7,2,19,14,69
2012-07-29,26.3,33.1,16.3,0,30,8.5,2,23,14,69
2012-07-30,28.1,36,16.7,0,25,10,3,40,14,59
2012-07-31,28.3,37,16.3,0,18,13.3,3,37,11,64
2012-08-01,27.2,36,14.6,0,15,17.6,2,27,8,66.5
2012-08-02,26.8,35.1,15.3,0,20,10.9,2,35,9,58
2012-08-03,28,35,17.6,0,21,9.8,2,27,9,65
2012-08-04,27.3,34,16.6,0,23,10.9,2,22,11,64.5
2012-08-05,23.9,30.1,15.6,0,33,14.6,2,14,7,54
2012-08-06,22.6,29.5,14,0,37,6.9,2,17,6,55.5
2012-08-07,25.6,34,16.7,0,36,10.7,2,17,11.5,60
2012-08-08,27.9,35,19,0,32,8.7,2,16,10,67
2012-08-09,30.7,40,19.3,0,23,9.8,3,41.5,22,43.5
2012-08-10,31.7,42,20.5,0,19,10.6,3,52,35,25
2012-08-11,31.1,40,20.5,0,15,17,3,30.5,23,54
2012-08-12,27.4,33,18.4,0,20,11.1,2,12,12,70
2012-08-13,26.2,32,16.8,0,22,9.6,2,22,11,60
2012-08-14,26.5,32.5,16.5,0,26,13.7,2,14,6,58
2012-08-15,24,27,20.4,0,45,19.8,2,7,7,53
2012-08-16,25.3,33,16.1,0,43,7.8,2,18,6,47
2012-08-17,29.3,39,18,0,27,7.4,3,34,12,37
2012-08-18,30.9,39,20.2,0,23,8.1,3,28,22,46
2012-08-19,31.3,36,25.8,0,26,9.4,3,16.5,27,55
2012-08-20,30.8,38,21.8,0,24,8.1,3,34,32,32
2012-08-21,30.8,38,20.2,0,20,10.4,3,41.5,36,29
2012-08-22,30.1,38,19,0,21,10.2,2,33,37,36
2012-08-23,28.2,35,17.6,0,21,15.7,2,22,11,60
2012-08-24,25.8,32,15.3,0,26,13.3,2,19,10,60
2012-08-25,26.2,32,19.5,0,29,11.9,2,12,6,52
2012-08-26,24.6,32,15.8,0,26,8.1,2,12,7,53
2012-08-27,25.8,34,16.2,0,24,10.7,2,27,10,58
2012-08-28,25.6,33,14.3,0,20,9.3,2,28.5,9,56
2012-08-29,26.5,32,17,0,29,12.6,2,26,8,44
2012-08-30,25.1,31.3,17,0,27,12.8,2,16,8,60
2012-08-31,20.2,28,12.6,0,30,15.9,2,10,4,57
2012-09-01,19.4,27.2,9.9,0,29,10.6,2,10,5,59
2012-09-02,19.7,27,11,0,24,12.8,2,8,6,70
2012-09-03,20.9,29,13.8,0,33,16.5,2,11,8,70
2012-09-04,21.9,29,14.6,0,37,11.1,2,14,8,63
2012-09-05,23.2,31.2,14.4,0,35,6.5,2,21,10,63
2012-09-06,24.6,32.1,16,0,32,4.6,2,28.5,14,61
2012-09-07,25.2,32.2,16,0,30,7,3,36,16.5,59
2012-09-08,24.6,33,16.3,0,35,7.4,2,28.5,15,66
2012-09-09,23.7,30.1,15.5,0.51,41,8.5,2,27,11,57.5
2012-09-10,22.9,28.6,16.4,0,36,9.1,2,37,16,54
2012-09-11,23.1,31,12.8,0,32,5.2,2,51.5,16,41
2012-09-12,24.4,33,14.1,0,31,9.8,3,48,14,40.5
2012-09-13,20.6,26,14.1,0,40,17.4,2,14.5,4,52
2012-09-14,21.5,32,9.8,0,25,6.9,2,45,9,40
2012-09-15,24.1,34,13.1,0,19,7.4,2,28,7,46
2012-09-16,24.4,34,12,0,19,8.5,2,45,11,38
2012-09-17,24.3,31,15.5,0,25,9.1,2,51,16,34
2012-09-18,22.7,31,14.2,0,33,6.9,2,49,14,26.5
2012-09-19,23.9,31,17.4,0,42,9.8,2,18,13,49
2012-09-20,23.9,29.3,18.4,0,48,9.1,2,21,18,52
2012-09-21,23.8,30,17,0,50,8.3,2,25,14,50
2012-09-22,24.1,31,16.6,0,41,7.6,2,38,17,33.5
2012-09-23,20.7,28,15.7,0,52,20.2,2,18,11,34
2012-09-24,18.6,23,14.7,1.52,55,23,2,14,6,54
2012-09-25,16.8,19.5,12.4,0,58,25,2,18,7,51
2012-09-26,15.5,20,11.2,5.59,56,15.4,2,21,7,46.5
2012-09-27,14.6,18,9.2,0.51,63,6.3,2,36,9,21
2012-09-28,15.4,17,13,10.41,95,10.6,2,30,8,15.5
2012-09-29,15.9,20,11.9,37.85,75,13.3,2,17,5,36
2012-09-30,14.6,20,8,0.25,62,6.1,2,24,6,37
2012-10-01,15.5,23,7.8,0,62,5,2,52,12,15
2012-10-02,16.4,24,8.6,0,60,6.5,3,60,13.5,15
2012-10-03,17.3,25,8.9,0,57,5.7,3,61,14,12
2012-10-04,17.8,26,9.3,0,52,4.6,3,63.5,14,15
2012-10-05,18.1,27,9.4,0,49,5.2,3,63,16,25
2012-10-06,17.9,24,9.5,0,58,8,3,48,16,23
2012-10-07,20.4,28.5,12.7,0,57,2.8,3,48,17,12
2012-10-08,21.3,29,13.8,0,55,7.2,3,59,17.5,17
2012-10-09,21.3,29,12.5,0,57,5.9,3,58,15,10
2012-10-10,21.4,27,14.6,0,64,9.8,2,37,9,15
2012-10-11,20.2,24,17.6,0,63,18.7,2,21,7,35
2012-10-12,16.9,20,13.6,0,77,4.4,2,21.5,6,30
2012-10-13,16.6,21,10.8,4.06,58,7.2,2,23,4,34
2012-10-14,13.9,19,8,0,63,13.5,2,21,7,44
2012-10-15,12.4,18,5.8,1.78,53,8.9,2,33,6,37
2012-10-16,12.3,20,5,0,58,6.7,3,51,10,14
2012-10-17,14.2,23,4.7,0,53,9.4,3.5,61,15,6
2012-10-18,17.6,21,12.8,0,55,12.6,3,48,14,22.5
2012-10-19,13.1,14,11.2,3.56,82,9.4,2,35,8,32
2012-10-20,14,18,11,0.51,79,6.1,2,29,6,30
2012-10-21,12.3,14,9.1,1.52,84,4.3,3,40,9,20
2012-10-22,12.4,19.2,7.8,2.54,80,3.5,4,54,14,5
2012-10-23,15,22,8.9,0,72,3.5,4,57,13,7
2012-10-24,14.3,19,9.6,0,85,5.9,3,52,13,7
2012-10-25,15,18,12.5,0.76,86,10,2,33,6,20.5
2012-10-26,14.5,18,10.9,7.11,79,10.4,2,33.5,5,29
2012-10-27,12.5,17.7,6.4,0,70,17.4,3,29,6,28.5
2012-10-28,7.3,12,3.4,0,56,13.7,3,14,5,51
2012-10-29,6.3,13.3,-0.3,0,66,5.2,4,49,8,13
2012-10-30,6.9,9,4.2,0,88,7.8,4,49,9,9
2012-10-31,8.7,12,3.5,12.7,81,11.5,3,35,7,23
2012-11-01,11.1,16,2.9,0,74,21.3,2,19.5,8,42
2012-11-02,12.8,16,8.9,0,77,19.4,2,24,7,42
2012-11-03,11.6,13,9.5,6.35,95,3.7,3,39.5,9,18
2012-11-04,12.9,14,10,13.21,91,7.6,3,37,7,15
2012-11-05,9.3,14,2.1,8.38,61,8,3,32,8,37
2012-11-06,8.9,14,5,0,67,11.3,3,28.5,6,28
2012-11-07,7,11,3,0,72,11.5,3,35,7.5,28
2012-11-08,11.4,13,7.4,4.32,97,5.9,4,50.5,10,8
2012-11-09,13.3,16,10.8,8.89,92,7.8,3,33,6,21
2012-11-10,10.9,14,8.3,0.51,85,17,2,20,5,42
2012-11-11,8.2,11.5,5,0.25,64,18.7,3,17,5,50
2012-11-12,8.2,14,3.2,0,60,10,3,26,6,36
2012-11-13,8.9,17,0.8,0,56,11.5,4,33,6,29
2012-11-14,13.8,20,7.1,0,72,6.3,3,28,12,29.5
2012-11-15,12.8,17,8.2,0,83,5.7,4,43,11,13
2012-11-16,13,17,9.8,0,84,3.5,4,39,11,21
2012-11-17,11.6,13,9.7,0,92,7.2,4,32,10,24
2012-11-18,11.4,16,7.3,0.25,80,7.4,4,28,6.5,20.5
2012-11-19,9.4,16,3.3,0,80,5.4,5,46,10,10
2012-11-20,8.3,12,4,0,95,4.1,5,59,18,4
2012-11-21,10,14,7.6,0,81,4.8,5,55,12,5
2012-11-22,8.7,15.3,3.9,0,76,8.3,5,40,12,19
2012-11-23,9.3,15,4,0,84,5.4,6,57,17,4
2012-11-24,10,15,6.4,0,85,3.1,5,48,16,4
2012-11-25,11.8,15,8.8,0,85,2,5,49,23,5
2012-11-26,10.5,13,6.5,0,76,8.9,4,44,7,23
2012-11-27,5.1,9,0,0.25,69,7.6,4,39,6,27
2012-11-28,3.9,9.3,-2,0,72,12.4,4,38.5,6,27.5
2012-11-29,6,9.3,2,0,57,12.6,4,44,6.5,30
2012-11-30,5.4,9.5,2,0,64,7.8,4,43.5,7,27
2012-12-01,3.2,8.7,-1.9,0,56,11.5,4,35,7,27.5
2012-12-02,2.1,9.6,-4.4,0,66,4.3,6,62,13.5,7
2012-12-03,3.5,11.3,-3.1,0,71,3.9,7,75,15,4
2012-12-04,6.8,13.4,-0.2,0,65,16.5,4,38,5,33
2012-12-05,6.9,11,2,0,57,16.9,4,29,5,50
2012-12-06,3.2,9.3,-2,0,81,3.9,5,56,11,11
2012-12-07,5.3,9,2.2,0,92,3.7,5,50,15,6
2012-12-08,6.8,11.2,1.6,0.51,66,12.8,5,45,9,13
2012-12-09,2.2,11.5,-3.1,0,76,5.6,5,44,9,10
2012-12-10,0.8,7,-3.4,0,85,3.7,8,78,23,3
2012-12-11,2.3,11,-4,0,76,6.3,8,62,14,4
2012-12-12,2.3,10,-3,0,83,3.5,8,63,16,4
2012-12-13,3.8,8,-1.1,0,88,8,6,61,20,5
2012-12-14,10.1,12.1,6.3,0.25,88,21.3,3,36,8,30
2012-12-15,12.1,14,10.2,1.02,82,24.4,3,20,6,49
2012-12-16,11.5,13.3,8.9,0,86,21.3,3,18,6,45
2012-12-17,11.2,14,2.6,0,63,14.3,4,44,8,35
2012-12-18,5.7,8.2,1.9,0,95,5,5,57,15,4
2012-12-19,8.6,10,7,0,96,4.6,5,55,12,4
2012-12-20,10.8,14,7.7,0.51,83,13.9,3,38,7,23
2012-12-21,11.7,16,9,0,83,22.2,3,28,8,37
2012-12-22,10.1,12,7.9,0,94,4.8,3,34,7.5,18
2012-12-23,9.6,14,4.8,0,88,7.2,5,41,12,12
2012-12-24,6.8,15.1,1.2,0,81,4.8,6,42,11,5
2012-12-25,7.5,12,3.7,0,85,7,5,43,12,8
2012-12-26,6.3,12,0.9,0,77,5.6,6,58,11,4
2012-12-27,1.1,5.8,-2.3,0,97,5,7,54,18.5,3
2012-12-28,3.8,13.1,-2,0,89,4.4,8,60,17.5,3
2012-12-29,1.6,5,-2.4,0,99,5.2,5,52,16,3
2012-12-30,2.6,4,0.1,0,99,3.1,4,50,15.5,5
2012-12-31,2.3,4,1,0,98,5.6,4,48,10,6
2013-01-01,5.3,9.9,1.9,1.52,94,4.3,4,30,9,24
2013-01-02,5.7,11.2,0.1,0,75,14.8,7,48,8,8
2013-01-03,5.4,13,0,0,62,4.8,7,52,7,14
2013-01-04,3.4,12.6,-3.1,0,67,4.3,9,72,14,4
2013-01-05,2.9,12.1,-3.3,0,79,4.6,10,75,19,3
2013-01-06,2.6,11,-4,0,84,4.8,9,63,21.5,3
2013-01-07,1.3,4,-2,0,99,4.3,5,50.5,18,4
2013-01-08,1.4,3.3,0.5,0,98,5.2,4,51,15,4
2013-01-09,2.7,5,0.5,0,89,3.7,5,52,14,6
2013-01-10,5.9,11.2,3.6,0,95,3,5.5,54,14,4
2013-01-11,7.1,9,3.7,0,89,4.6,5,54,11,9
2013-01-12,8.1,12.2,3,0,82,17.2,3,25,5,37
2013-01-13,5.7,8.3,3.3,1.78,66,20.2,3,18,3,53
2013-01-14,5.8,10.1,0.3,0,62,13.5,4,31,4,40
2013-01-15,7.1,11,2.5,0,60,22.8,3,21,4,48
2013-01-16,7.8,10.3,5.8,0,76,23.3,3,26,5,37.5
2013-01-17,9.7,13,5.5,0.76,68,15.4,3,27,5,43
2013-01-18,11.6,13.2,8.6,0,86,27.8,3,19,4,38
2013-01-19,8.7,11,5.5,2.79,84,25.4,3,17,2,50
2013-01-20,6.3,9,2.2,4.83,68,18.7,3,13,5,54
2013-01-21,6.8,9,4,0.51,59,20.2,3,22,4,47
2013-01-22,3.3,5.3,-0.3,0,80,15.4,3,33.5,4,35.5
2013-01-23,4.6,8,-0.3,3.05,66,20.4,2,18,4,56
2013-01-24,8.4,12.5,2.6,0,63,18.7,3,21,5,49
2013-01-25,5.2,11,0,0,78,5.9,4,47,9,23
2013-01-26,9.3,18.1,2,0,53,9.1,4,27,6,41
2013-01-27,5.9,10,0.9,0,81,11.7,3,28,8,24
2013-01-28,6.2,13.2,1,0.51,65,9.1,4,39.5,7,38
2013-01-29,3.4,12.2,-2,0,82,3.7,8,71,21,4
2013-01-30,5.5,14.2,-1,0,81,3.5,8.5,72,21,4
2013-01-31,6.8,15.8,0,0,82,4.6,8,70,20,4
2013-02-01,7.1,14,0.5,0,86,11.9,5,43,11,12
2013-02-02,7.3,11,4,0.76,60,27.4,3,15,3,55
2013-02-03,6.3,10,3,0,52,24.1,4,22,5,51.5
2013-02-04,6.1,15.7,-1.6,0,65,4.4,7,77,14,7
2013-02-05,7.5,16.2,-0.4,0,67,8.9,6,56,11,10.5
2013-02-06,7.4,11.3,3.9,0,50,25.4,3,19,5,56
2013-02-07,5.5,9.8,1.9,0,49,12.6,4,28,6,45
2013-02-08,4.8,10.4,-1,0,57,12.6,4,26,5,50
2013-02-09,5.8,11,-1,0,56,8.9,4,25,6,52
2013-02-10,3.9,10.3,-2,0,73,18.7,3,25,7,43
2013-02-11,5.3,8.4,2.9,2.29,56,24.1,3,19,5,56
2013-02-12,5,11.3,-2.3,0,55,10.6,4,28,7,48
2013-02-13,8.2,15.3,1,0,66,4.1,6,48.5,10,19
2013-02-14,7.4,15.6,-0.1,0,71,4.4,7,58,14,5
2013-02-15,7.2,16.1,-0.4,0,69,5.2,6,47,9,15
2013-02-16,6.4,14,-0.4,0,77,5.2,7,47,14,8
2013-02-17,6.3,11.2,0.5,0,85,8.5,6,38,17,14
2013-02-18,8.9,13.1,6,0.25,81,6.5,4,38,11.5,21
2013-02-19,8.7,11.4,4.5,0,87,12.4,4,33,11,29
2013-02-20,10.3,14,7.4,1.78,79,8,4,34,8,32
2013-02-21,8.9,11,6.9,0,81,13.3,3,30,5,39
2013-02-22,8.9,13,5.5,1.52,81,18.1,3,24,4.5,49
2013-02-23,3.7,6,0.6,2.79,59,23.2,4,14,9,55
2013-02-24,2.7,9,-2.4,0,59,10.9,4,24,7,47
2013-02-25,3.4,8,0,0.25,52,15.9,4,29,6,51
2013-02-26,3.8,9,-2.1,0,55,8.5,5,36,6,44
2013-02-27,3.8,6.4,1.4,0,67,7.2,4,36,9,36
2013-02-28,4.1,6,2,0,72,20.2,3,23,7,54
2013-03-01,7.3,13.5,2.2,0.76,55,11.1,5,32,8,55
2013-03-02,5.6,14.2,-2.7,0,62,3.5,4,36,10,43
2013-03-03,8.6,14.2,3,0,63,9.1,4,21,8,62
2013-03-04,8.7,13.5,4.7,0,73,12.2,4,25,9,56
2013-03-05,10,14,7.7,9.4,94,7.2,4,44,11,31
2013-03-06,11.2,15.1,7,8.13,85,13.3,4,31.5,8,40
2013-03-07,12.2,16.4,9.8,0.76,88,20.7,3,25,6,43
2013-03-08,9.8,11.2,8,10.67,90,13.3,3,40,7,42.5
2013-03-09,10.2,15,6.9,9.14,77,14.8,3,23,5,54
2013-03-10,8.7,13,6.6,5.08,76,21.9,3,13,4,64
2013-03-11,8.8,13,5.9,0,74,25.6,3,15,4,59
2013-03-12,8.5,12,4.6,0,63,17.2,3,18,5,61
2013-03-13,4.7,7.3,2.3,0,51,24.8,3,17,6,64
2013-03-14,5.8,10.4,-1,0,49,13,3,23,6,56
2013-03-15,6.8,13.1,-1.1,0,51,5.9,4,40,6,44
2013-03-16,8.2,11,6,0,65,10.7,3,29,8,52
2013-03-17,8.3,11,5.7,0.76,90,8.3,3,38,9,28
2013-03-18,8.5,13.3,4,4.32,56,18.3,3,13,6,66
2013-03-19,6.1,12.4,0,0,88,7.6,4,46,10,24
2013-03-20,9.2,14.7,3.7,2.03,66,8.3,4,30,8,43
2013-03-21,8.3,15.4,0.6,0,69,7,5,41,9,27
2013-03-22,8.1,13,2,0,84,10.4,4,48,11,26
2013-03-23,8.9,14.5,4.5,0.76,79,8,3,31,6,49
2013-03-24,9.6,14.1,6.8,5.59,77,13,3,12,5,59
2013-03-25,9.4,12,5,4.06,79,23,3,17,6,52
2013-03-26,12.1,15,8.9,0.51,89,23.2,3,17,5,41
2013-03-27,12.6,16.1,9,7.62,80,17.4,3,17,5,55
2013-03-28,13.1,16.4,10,0,73,21.3,3,9,6,58
2013-03-29,12.4,16,9.8,0.51,88,24.6,3,8,5,53
2013-03-30,13.6,17.6,9.9,2.29,55,21.3,3,10,7,68
2013-03-31,11.2,15.8,7,0,81,13,3,17,6,47
2013-04-01,10.8,13.7,8.3,6.86,69,15.9,3,19,6,56
2013-04-02,9.9,15,5.2,5.59,67,16.3,3,21,6,58
2013-04-03,8.1,15,3,0.25,83,7.2,4,43,8,31
2013-04-04,9.8,14.4,6,6.1,77,12,3,25,6,52
2013-04-05,7.1,10,3,0.76,67,16.5,4,25,7,54
2013-04-06,5.8,10.6,0,0,56,11.5,3,21,7,67
2013-04-07,6.7,13.4,-1.8,0,63,7.2,3,25,7,52
2013-04-08,11.4,15,8,0,60,19.6,3,16,8,63
2013-04-09,11.3,15,7,0,71,26.7,3,15,9,61
2013-04-10,13.6,18,9,0,74,18.5,3,17,8,54
2013-04-11,14.1,17.5,11.1,0,72,22.4,3,16,7,48
2013-04-12,12,17,5.4,0,63,15.2,3,21,8,54
2013-04-13,12.7,22.7,3.2,0,58,4.8,4,35,12,30.5
2013-04-14,16.6,26,6.1,0,49,9.1,3,20,11,52
2013-04-15,17.9,25,9.4,0,55,8.5,3,27,12,49
2013-04-16,17.9,26,9,0,57,6.9,3,40,14,30
2013-04-17,19.3,29,9,0,50,8.7,3,42,15,38
2013-04-18,19.2,28,8.3,0,47,9.3,3,40,14,38
2013-04-19,13.8,19,7,0,54,16.7,2,16,6.5,61
2013-04-20,11.5,20,2.4,0,37,10.6,2,10,5,80
2013-04-21,13.1,21.2,2.4,0,36,7.8,2,17,6,72.5
2013-04-22,14,19.9,9.1,0,34,13.3,3,15,7,81
2013-04-23,13.6,22,5,0,47,7,3,18,8,81
2013-04-24,14.6,22.6,4.9,0,47,7,3,33,11,76.5
2013-04-25,14.7,21.2,6.1,0,54,13.7,3,18,15,84
2013-04-26,15.4,19.3,11,0,69,9.8,3,22,9,76
2013-04-27,9.7,14.3,5.1,6.6,60,18.3,3,11,3,71
2013-04-28,6.1,9,2.7,0,62,20.9,3,9,4,80
2013-04-29,7.1,12.1,3,8.89,81,14.8,3,22,5.5,60
2013-04-30,8.9,14.3,6,1.27,73,6.5,3,29,7,59
2013-05-01,10,15.5,6.2,2.79,79,5.6,3,24,7,54.5
2013-05-02,10.9,17.4,1.9,0,65,7.4,3,19,5,51.5
2013-05-03,12.7,19.8,4.8,0,56,8,3,17,5,72
2013-05-04,14.7,22,5,0,50,5.9,3,19,7,78
2013-05-05,16.1,24,5.3,0,45,6.7,3,26,8,58.5
2013-05-06,16.9,25,6.9,0,46,14.1,3,29,11,58.5
2013-05-07,19.4,24,13.5,0,49,11.9,3,23,7,61
2013-05-08,20.4,25.5,15.1,0,47,9.3,3,35,10,46
2013-05-09,19,26,13.1,0,59,15.4,3,23.5,9,46
2013-05-10,19.4,25.1,13.2,0,53,8.3,3,23,6,52
2013-05-11,18.3,25.5,9.3,0,40,8.1,3,18,6,67
2013-05-12,18,26.1,8.8,0,35,9.1,2,12,8,78
2013-05-13,19.2,27.6,8.1,0,40,6.9,3,23,10,76
2013-05-14,16.8,24.3,13,0,69,12,3,29,10,70
2013-05-15,11.7,14,5.7,3.81,77,9.6,2.5,21,5,60.5
2013-05-16,10.3,15.4,3.4,0.51,57,14.3,3,26,6,61.5
2013-05-17,8.8,10.9,6.9,0.51,76,15.6,3,21,6,65
2013-05-18,9.6,14,6,6.35,69,17,2,15,6,64
2013-05-19,9.9,15.3,4.9,2.79,63,10.4,3,13,6,83
2013-05-20,9.9,16.9,2.4,4.57,69,7.2,3,26,6,59
2013-05-21,12.3,19,4.2,0.51,60,12.6,3,20,7,71
2013-05-22,16.1,24,7.1,0,50,11.5,3,25,8.5,70
2013-05-23,15.6,24.3,6.6,0,47,8.3,3,23,8,72
2013-05-24,16.1,24.2,7.2,0,40,8.3,3,23,7,61
2013-05-25,16.8,26.2,4.5,0,33,7.8,3,28,8.5,71.5
2013-05-26,15.6,25.3,7.9,0,55,11.3,3,12,10,81
2013-05-27,14.9,21.7,8.4,0.51,60,10.4,3,22,9,69
2013-05-28,16.1,20.4,11.8,1.52,41,19.6,3,16,7,72
2013-05-29,13.2,19.3,7.4,0,45,16.7,2,13,6,75
2013-05-30,13.3,21,5.5,5.33,57,8.1,3,22,7,60
2013-05-31,14.1,20.1,6,0,48,18.7,3,20,8,87
2013-06-01,16.4,24.3,7.9,0,43,12.4,2.5,12,6,95
2013-06-02,17.2,24.3,9.5,0,45,15.2,2,8,7,87
2013-06-03,18.9,27.1,9.8,0,39,8.1,3,17,7,88
2013-06-04,21.2,29.6,9.9,0,34,8.7,3,28,10,76
2013-06-05,21.7,30.6,12.7,0,38,9.3,3,28,13,80
2013-06-06,21.3,26.6,15.3,1.78,47,16.9,3,21,13.5,91
2013-06-07,17.3,21.2,12.6,0,55,15,3,20,12,80
2013-06-08,15.2,21.1,10.2,0,55,16.5,3,12,5,86
2013-06-09,16.1,23.1,11.3,0,64,14.3,2,11,7,79.5
2013-06-10,19,26.1,11.2,1.27,59,10.9,3,20,8.5,78
2013-06-11,21.9,30.2,12.2,0,48,7.2,3,21,9,76
2013-06-12,25.4,33.1,13.9,0,41,7.4,3,31,8,39
2013-06-13,27.1,34,16.5,0,36,13.7,3,32,10,41
2013-06-14,26.7,34,16.2,0,34,13.9,3,26,9,49
2013-06-15,26.6,35,14.8,0,24,10.4,3,32,10,68
2013-06-16,26.6,36,14.1,0,24,13,3,24,9.5,71
2013-06-17,21.4,25.3,16.7,0,36,18.9,3,14,7,71
2013-06-18,16.4,21.8,11,0,46,14.1,3,14,6,69
2013-06-19,15.6,20.8,9.6,0,53,8.7,3,22,6,62
2013-06-20,19.6,28,9.7,0,42,6.3,3,26,7,73
2013-06-21,21.6,29.3,14,0,40,6.7,3,28,10,64
2013-06-22,23.1,32,12.6,0,41,5.9,2,18.5,8,58.5
2013-06-23,24.4,33.2,15.8,0,33,11.7,3,20,9,70
2013-06-24,22.1,32.4,10,0,21,11.3,3,16,8,77
2013-06-25,24.8,33.5,14,0,20,8.5,3,19,13,85
2013-06-26,24.7,33.1,16,0,26,9.8,3,18,8,76
2013-06-27,24.7,33.3,16,0,32,8.1,3,20,12,86
2013-06-28,24.2,32.1,14.8,0,23,11.7,3,17,14,97
2013-06-29,25.1,33.5,16,0,30,10.4,3,8,5,60
2013-06-30,26.7,35,15.6,0,25,6.1,3,13,8,70.5
2013-07-01,26.4,35,17.3,0,28,10.4,3,25,12,77.5
2013-07-02,27.1,34,20.3,0,31,9.6,3,22,11.5,84
2013-07-03,27.8,36,16.9,0,29,8.7,4,35,12,69
2013-07-04,29.1,37,20.4,0,32,13.1,3,13,8,58.5
2013-07-05,29.9,37.8,19.9,0,24,8,3,21,9,71
2013-07-06,30.1,37.1,20.8,0,26,6.7,3,16,10,84
2013-07-07,29.9,38.1,19.7,0,24,6.9,3,17,12,103
2013-07-08,30,38.3,19.3,0,22,6.7,4,28,12,94
2013-07-09,28.8,36.8,20.1,0,30,8.9,3,29,16,95
2013-07-10,26.9,36.1,17.8,0.51,34,10.2,3,27,14,83
2013-07-11,28,36.6,19,0,30,8.5,3,24,15,90
2013-07-12,29.7,36.6,21.3,0,26,10.6,4,23,15,93
2013-07-13,27.7,35,17.9,0,23,9.8,3,22,16.5,90.5
2013-07-14,27.1,34,19.4,0,31,11.9,3,13,14,97
2013-07-15,26.9,34.6,18.5,0,34,9.1,3,17,13.5,87
2013-07-16,27.9,35.2,19.3,0,31,8.3,3,22,15,94
2013-07-17,27.4,35.9,19.4,0,34,10.4,3,22,17,100.5
2013-07-18,26.6,35.5,18,0,35,10,3,23,15,106
2013-07-19,28.6,36,18.8,0,28,9.3,3,25,14,94
2013-07-20,28.8,36.1,19.6,0,29,8.3,4,19,15,94
2013-07-21,25.6,33.5,19.3,0,41,9.8,3,12,13,91
2013-07-22,26.3,34.6,15.5,0,39,8.9,3,24,11,75
2013-07-23,28.4,34.2,19.4,0,29,11.5,3,31,13.5,59.5
2013-07-24,28.6,36,17.9,0,25,8.1,3,31,9,58.5
2013-07-25,29.1,37,17.7,0,26,11.7,3,31,11,60.5
2013-07-26,28.5,35.4,18.1,0,28,13.1,3,26.5,9,56
2013-07-27,22.7,25,19.9,0,40,15.6,3,16,9,70
2013-07-28,22.6,27.2,17,0,37,17.4,3,10,5.5,69
2013-07-29,22.2,30.3,11.6,0,34,5.7,3,20,5.5,59.5
2013-07-30,25.7,35,13.8,0,23,5.7,4,33,8,60
2013-07-31,28.6,38,17.4,0,22,12.6,4,28,10,71.5
2013-08-01,30.1,39,18.5,0,22,10.9,4,27,13,71
2013-08-02,29.4,35,22,0,28,15.2,3,20,14,61
2013-08-03,26.9,35,17,0,22,11.7,3,21,6,69
2013-08-04,26.3,36,14.5,0,20,7,3,19,10,70
2013-08-05,27.3,36,15.5,0,21,11.9,3,36.5,11,53
2013-08-06,26.9,33,18,0,26,13.9,3,24,9,64
2013-08-07,25.4,31,19,0.25,34,12,3,14,7,72
2013-08-08,22.9,31,14.5,0,35,8.7,3,12,5,74
2013-08-09,24.9,34.2,15,0,32,7.2,3,19,7,70
2013-08-10,28.8,37,18.1,0,25,7.2,3,15,6,65
2013-08-11,29.6,38,19,0,21,6.1,4,15,6,75
2013-08-12,28.5,37,21.4,0,29,10,4,22,13,75
2013-08-13,28.3,35.4,20.3,1.02,33,8.9,3,14,9,83
2013-08-14,28.8,36,20.3,0,30,7,4,17,9.5,73.5
2013-08-15,29,36,21,0,33,7.6,4,15,13,79
2013-08-16,29.1,37,21.4,0,28,13,4,25,11.5,62
2013-08-17,27.6,35.1,18.3,0,32,7.4,3,13,11,81
2013-08-18,28.4,36,20,0,33,5.6,3,13,13,76
2013-08-19,29.4,38,18.9,0,28,8.5,4,31,14,62
2013-08-20,29.2,37.3,20.3,0,32,8.5,3,18,8,64
2013-08-21,29.8,38,19.2,0,26,8.5,3,24,11,69.5
2013-08-22,28.2,36.1,18.2,0,22,10,4,39,22,60
2013-08-23,26.3,35.4,16.5,0,22,6.3,4,41,23.5,62
2013-08-24,26.6,34.5,18.3,0,37,8.9,4,16,21,67.5
2013-08-25,24.7,34,17,0,36,12.4,3,9,6,70
2013-08-26,24.4,31.8,17.5,0,41,11.1,3,11,9,67
2013-08-27,24.2,31.8,17,0,40,9.1,3,14,8.5,71
2013-08-28,21.7,29.3,18,0,49,10.4,3,14,8,74.5
2013-08-29,20.8,28.4,15.6,6.35,50,9.4,3,15,9,77
2013-08-30,22.5,30.2,14,0,43,8.7,3,21,9.5,70
2013-08-31,23.3,32,14,0,37,5.7,3,21,7,71
2013-09-01,24.3,32.2,16,0,33,8.9,3,11,12,93
2013-09-02,25.3,33,15.9,0,32,5.7,3,27,12,70
2013-09-03,25,34,15.2,0,30,6.9,4,38,12,55
2013-09-04,24.9,32.5,15.7,0,29,8.5,4,30.5,11,67
2013-09-05,23.8,30.2,16.8,0,44,8.9,3,19,10,84
2013-09-06,23,30,17.9,0,45,9.3,3,30,13,73
2013-09-07,21.2,27.4,15.6,0,48,12.4,3,27,11,66
2013-09-08,20.8,28.3,14.6,3.3,54,8.1,3,22,10,66
2013-09-09,21.2,29.3,12.4,0,34,7.4,3,27,8,59
2013-09-10,22.7,31,13.6,0,36,6.3,3,28,9,62.5
2013-09-11,19.1,26,13,0,51,11.9,3,19,4,44
2013-09-12,19.1,28,11,1.78,44,7,3,30,7,61
2013-09-13,21.8,30,12.7,0,39,7.6,3,32,8,46
2013-09-14,21.9,31,12.9,0,37,7.2,3,33,10,40
2013-09-15,22.6,31,12.3,0,37,7.8,4,25,10.5,45
2013-09-16,22.7,31.4,12.7,0,31,7.6,4,38,7,42.5
2013-09-17,22.2,30.6,14,0,35,6.3,4,42,10,35
2013-09-18,22.4,30.1,13.3,0,36,6.9,4,30,6,42
2013-09-19,22.7,30,15.3,0,37,8.3,3,29.5,6.5,47
2013-09-20,22.2,31,13,0,40,8.3,3,20,6,47
2013-09-21,23.6,31,17,0,35,7.6,3,16,5,51
2013-09-22,22.9,31.4,13.6,0,38,6.7,3,20,8,52
2013-09-23,23.3,32,14.2,0,40,7,4,54,12,25.5
2013-09-24,23.2,32,14.2,0,39,6.5,4,64,15,20
2013-09-25,23.3,31,14.2,0,41,7.8,4,62,19,29
2013-09-26,22.8,31.4,14,0,42,5.7,4,64,21,20
2013-09-27,23.1,27,19,0,47,14.3,4,39,17,35
2013-09-28,19.3,23,16,9.91,67,19.1,3,16,7,49
2013-09-29,18.4,22.1,15.5,2.03,74,23,3,10,5,45
2013-09-30,19.3,22.6,16.7,0,82,12.6,3,22,5,28
2013-10-01,21.1,25,18,1.27,70,17.8,3,15,4,18
2013-10-02,20.6,26.1,15.5,0,71,5.2,4,33,9,10
2013-10-03,21.1,25,17.5,0.25,72,9.4,4,36,10,15
2013-10-04,20,24.1,14.8,4.83,70,11.7,3,31,7,22
2013-10-05,17.7,25,10.6,1.78,59,4.8,4,36,8,23.5
2013-10-06,18.1,24.4,11,0,51,7.4,3,13,4.5,48
2013-10-07,17.1,24.7,10,0,49,7.6,4,29,6,45
2013-10-08,16.9,26,8.6,0,55,4.6,4,46,11,23
2013-10-09,17.6,26,10.5,0,53,4.6,4,41,10,36.5
2013-10-10,17.1,26.2,9,0,52,6.3,4,46,9,31.5
2013-10-11,16.2,24.6,9,0,49,7.8,4,33,7,44
2013-10-12,14.7,22.5,7,0,48,7.8,3,21,7,52
2013-10-13,12.9,19.8,6.6,0,67,6.3,3,21,13,47
2013-10-14,14.9,22.4,7.7,0,67,6.7,4,44,12,22
2013-10-15,16.9,23,10.5,0,69,8.5,3,30.5,9,31
2013-10-16,17.1,24.9,10.5,0,71,4.4,4,45,10,16
2013-10-17,18.2,26.9,11,0,62,5.7,5,50,10,8
2013-10-18,17.9,27,10,0,53,8.5,6,64,19,7
2013-10-19,17.5,22.2,13.9,0,67,8.9,4,35,17,26
2013-10-20,17.1,21,12,0,73,10.7,3,24,7,26.5
2013-10-21,15.1,21.6,9,0,69,6.5,4,46,9,11
2013-10-22,14.7,16,12,0,83,13.5,4,39,11,22
2013-10-23,15.9,20.3,13,1.78,79,10.6,3,30,8,34
2013-10-24,16.1,21,12,1.78,88,12.6,4,40,11.5,15.5
2013-10-25,15.9,18.1,14,0,96,8,4,44,7,16.5
2013-10-26,16.6,21,12,7.62,80,7.2,4,38,9,16.5
2013-10-27,14.6,21.3,8.7,0.25,75,5.7,4,40,11,9
2013-10-28,14.5,21.1,7.8,0,72,9.4,5,48.5,11,12.5
2013-10-29,11.5,16,7,0,57,12,4,27,6,46
2013-10-30,10.1,16.5,3.9,0,58,6.3,5,39,6,29
2013-10-31,9.2,19,1,0,58,2.6,6,64,11,7
2013-11-01,10.3,18,3,0,58,5.2,6,48,11,15
2013-11-02,12.1,19.2,5.7,0,76,6.9,5,39,11,18
2013-11-03,12,18,7.8,0,86,5.2,4,29,8,16
2013-11-04,13.1,16.2,9,0,80,19.4,4,24,6,35
2013-11-05,18.3,23.3,14,0,62,20.7,4,18,5,49
2013-11-06,15.2,23,8.6,0,75,5,5,45,9,12
2013-11-07,13.7,17.4,11,0,82,8.1,4,32,7,22
2013-11-08,12.4,16.3,8,0,79,9.8,4,35,8,23
2013-11-09,11.3,16.5,5.6,0,56,8.3,4,24,6,48.5
2013-11-10,11.8,19,6.9,0,65,5.4,4,24,5,47
2013-11-11,13,21.3,5.8,0,63,8.7,6,54,10,11
2013-11-12,13.8,22.2,6.9,0,66,7.2,6,47,8,13
2013-11-13,14.7,19.3,11,0,58,16.3,5,21,4,35.5
2013-11-14,11.7,18.8,6,0,51,11.3,6,27,6,34
2013-11-15,8.8,13.3,3,0,50,21.9,5,32,5,45
2013-11-16,4,8.2,2,0,78,7.4,5,31,6,32
2013-11-17,5.6,7.2,2.3,2.29,95,5.2,4,33.5,5,16
2013-11-18,6.9,12,2,10.16,81,10,5,47,8,9
2013-11-19,8.5,14.1,2,0.25,66,14.6,6,40,7,29.5
2013-11-20,6.2,11.2,1,0,53,12.8,5,39,6,44
2013-11-21,5.2,11.8,-2.3,0,61,13.7,5,30,6,46.5
2013-11-22,7.3,12,3.5,0,55,14.8,5,32,7,42
2013-11-23,5.9,11.4,0,0,54,13.1,6,42,7,24
2013-11-24,6.2,12.1,1,0,57,17.4,6,31,6,36
2013-11-25,6.6,15,-1,0,49,8.3,7,47,7,23
2013-11-26,4.1,12,-3,0,49,11.7,6,37,6,36
2013-11-27,4.7,12.2,-1,0,45,12.6,5,25,6,50
2013-11-28,3.9,10.3,0,0,64,9.3,6,33,8,39
2013-11-29,2.1,11.3,-5,0,65,4.8,10.5,71,13,6
2013-11-30,2.8,10.1,-4,0,72,11.7,8,59,12,6
2013-12-01,5.2,13.3,-1,0,47,9.1,6,30,5,38
2013-12-02,1.8,11.1,-5,0,57,6.5,9,65,12,9
2013-12-03,4.4,15.1,-3,0,61,4.4,9,56,11,13
2013-12-04,5.1,17.3,-2,0,71,4.1,11,74,15,5
2013-12-05,4.8,16.6,-3,0,68,4.3,12,91,17,4.5
2013-12-06,4.6,15.5,-3.1,0,57,7,8,54,8,9.5
2013-12-07,3.4,15.4,-4,0,54,5.2,10,63,11,7
2013-12-08,2.4,14.3,-5,0,61,3.9,10,62.5,15,5
2013-12-09,1.5,11.4,-5,0,74,5,10,70,16,5
2013-12-10,2.5,13.8,-5,0,72,4.8,10,59,13,8
2013-12-11,2.8,13.3,-4,0,72,5,8,58,11,10
2013-12-12,3,12.1,-4,0,77,5.2,10,75.5,16,6
2013-12-13,3.8,9.2,-1,0,90,2.4,10.5,80.5,26,4
2013-12-14,5.7,13.9,0.6,3.05,85,6.1,8.5,51,10,5
2013-12-15,4.8,15,-1,0,81,5,8.5,43,8,9
2013-12-16,5.8,16.5,-2,0,64,5.6,8,52,8,12
2013-12-17,3.9,10.7,-1,0,86,5.4,8,61,14,7
2013-12-18,6.3,10,2.8,0,93,5.6,7.5,56,19,5
2013-12-19,8.2,11.4,4.9,2.29,84,13.9,5,43,5,36
2013-12-20,5.7,10.1,0,13.21,61,21.3,5,32,6,45
2013-12-21,1.7,9.4,-4,0,74,4.8,8,57,10,6
2013-12-22,2.3,11.4,-3.2,0,76,4.4,8.5,57,12,6
2013-12-23,4,11.1,-2,0,77,5.9,8,62,14,6
2013-12-24,8.2,11,5.6,0,84,19.4,5,36,6,33
2013-12-25,8,11,5,17.78,82,21.9,4,14,3,61
2013-12-26,6.7,11.1,2.9,2.79,66,22.6,4,24,7,50
2013-12-27,10.2,13,7.8,0,90,23.9,4,27,5,37
2013-12-28,8.7,11,5,7.11,64,21.3,4.5,19,4,53
2013-12-29,3.6,10.4,-2,0,71,5.6,5,33,7,45.5
2013-12-30,2.3,8.5,-3,0,82,4.8,6,61,11,8
2013-12-31,4.9,8.5,2,0,91,7,5,45,8,17
2014-01-01,8.2,10,7,0,97,11.7,4.5,25,5.5,34
2014-01-02,10.9,13,8.9,4.83,95,19.1,4,27,5,38
2014-01-03,11.8,13.4,10.7,6.1,91,15.6,4,28,5,41
2014-01-04,8.6,11.2,4,7.62,80,25.9,4,16,4,60
2014-01-05,6.4,9.1,3.6,5.84,86,12.6,4,20,7,52.5
2014-01-06,9.3,12,6.6,0.51,84,8.3,4,30,7,32.5
2014-01-07,10.3,14.4,7,0,79,4.8,6,45,11,17
2014-01-08,7.9,15,3.9,0,81,4.4,9,59,13,8
2014-01-09,7.2,15,2,0,78,5.9,11,61,13,7
2014-01-10,7.7,15,1.8,0,74,4.8,11,61,12,6
2014-01-11,8,14.1,4,0,83,2.6,8,56,18.5,7
2014-01-12,5.4,8.4,2,0,98,3.1,7,52,24,5
2014-01-13,8.5,11.4,6,4.83,71,12.4,5,35,6,27.5
2014-01-14,9.2,13.1,6,0,80,21.9,4,23,4,46
2014-01-15,8.7,11,5.7,0,90,9.4,5,39,5,26
2014-01-16,8.5,10.4,5,2.79,83,16.7,4,28,5,42
2014-01-17,6.4,9.4,3,1.27,81,16.9,4,35,6,38
2014-01-18,6.9,10.1,5,7.11,87,11.7,4,30,5,43
2014-01-19,5.3,9,3,2.79,83,8.9,4,29,6,40.5
2014-01-20,6.4,10.5,3,3.81,59,16.5,4,29,6,55
2014-01-21,4.4,10,-2,0,84,9.4,5,41,7,29.5
2014-01-22,7.9,13,5,10.16,87,7.6,5,43,6,29.5
2014-01-23,7.4,12,3,5.59,60,18.3,7,44,8,36
2014-01-24,6.6,15,-1,0,72,9.4,8,54,11,11
2014-01-25,11.6,17.2,7,0,68,9.1,5,23,6,43
2014-01-26,10.4,17.2,3,0,74,10.6,7,39,8,17
2014-01-27,10.1,12.2,6.8,0,54,27.6,5,17,4,58
2014-01-28,6.8,8.9,4.6,0,68,26.5,4,22,4,54
2014-01-29,6.4,9.5,4,0.25,69,14.6,4,28,6,57
2014-01-30,6.4,11.5,1.1,1.27,56,14.1,5,26,6,52
2014-01-31,9.4,13.3,6,0,67,13.7,5,29,7,48
2014-02-01,9.4,13,4,0,61,24.8,4,14,4,57
2014-02-02,3.7,10.1,-2.1,0,61,7.4,5,24,6,53
2014-02-03,2.7,8.5,-2.2,0,76,11.5,5,54,8,16
2014-02-04,5.5,8.6,1,0.76,88,17.8,4,33,5,44
2014-02-05,9.5,12.8,7.3,4.57,77,24.4,4,22,8,57
2014-02-06,10.9,17.1,7.9,0,78,24.8,4,25,6,46
2014-02-07,7.4,10.3,5,2.54,77,22.6,4,22,6,53
2014-02-08,9.2,12.3,6.6,0.76,80,24.4,4,18,4,58
2014-02-09,4.7,8,3,0.25,89,13.7,4,24.5,5,48.5
2014-02-10,6.7,9.7,3.6,13.72,60,30.9,4,16,6,69
2014-02-11,4.1,6,1,0,84,13.1,4,39,7,36
2014-02-12,4.7,8,3,8.64,96,7.4,5,42,8,28
2014-02-13,11.1,17.4,4.6,0.25,85,13.9,5,31,8,32
2014-02-14,12.8,16.1,10,0.51,83,20.9,4,22,4,33
2014-02-15,8.2,10.1,6,5.84,85,13,4,28,5,51
2014-02-16,6.4,11.6,2,1.27,81,3.7,5,38,8,23
2014-02-17,4,11,-1,0,80,6.5,7,56,9,9
2014-02-18,6.6,12.7,3,0,69,7.4,8,52,10,19
2014-02-19,6.4,15.4,-1,0,65,3.1,8,67,12,7
2014-02-20,6.8,13.3,0,0,83,10.4,7,43,11,17
2014-02-21,8.8,12.5,3,0.76,53,13,5,24.5,4.5,61
2014-02-22,5.7,13.2,-2,0,68,8.3,5,35,8,43
2014-02-23,6.8,15.7,0.8,0,65,5.7,6,29,9,31
2014-02-24,7.4,11.6,3,0,73,12.4,5,35,9,45
2014-02-25,7.3,12,2,1.27,79,15.7,4,25,8,47
2014-02-26,8.3,12.7,5,0,49,16.5,5,24,7,63
2014-02-27,6.8,13,2,0.25,74,8.3,5,46,11,34
2014-02-28,9.8,15.5,2,0,65,25,5,21,7,55
2014-03-01,10.2,13.3,7,0,75,21.9,4,18,6,53
2014-03-02,13.5,17.4,9.6,0,68,23,4,13,4,46.5
2014-03-03,9.9,12.6,6.9,0,51,35.6,4,12,5,69
2014-03-04,9.3,13,6,0,53,27.4,4,16,6,64
2014-03-05,12,17.7,6,0,60,12.6,6,28,8,49
2014-03-06,11.8,22,2,0,54,5.7,8,53,10,23
2014-03-07,10.8,19.2,3,0,59,4.1,7,42,11,45
2014-03-08,11,20.8,2.4,0,48,5.7,7,41,12,27
2014-03-09,10.1,19.5,1,0,42,8.1,6,26,10,62.5
2014-03-10,10.1,20.5,0,0,47,5,7,47,10,36.5
2014-03-11,11.6,19.8,4,0,38,5.7,7,34,12,61
2014-03-12,10.3,18.6,2,0,51,6.1,6,33,15,65.5
2014-03-13,8.3,14.6,1.8,0,60,7.2,6,38,16,40
2014-03-14,8.6,17.6,1.9,0,60,5,7,55.5,15,20
2014-03-15,11.1,21.1,1,0,47,6.3,7,39,14,46.5
2014-03-16,13.9,24.6,3,0,41,6.1,7,45,12,41
2014-03-17,14.4,24,4.6,0,42,6.1,7,56,13,26
2014-03-18,14.4,24.8,4,0,46,4.6,7,56,15,25
2014-03-19,15.6,22.1,10,0,48,7.6,6,28,13,67
2014-03-20,14,23,6.9,0,55,7.8,6,50,15,38
2014-03-21,14.1,20.2,8.9,0,57,14.1,5,29,17,47
2014-03-22,12.7,16.5,8,0,54,24.6,5,12,5,66
2014-03-23,8.4,14.5,4.6,0,43,12,5,11,5,76
2014-03-24,7.7,14.3,-1,0,59,15,6,38,10,40
2014-03-25,9.1,14.9,5,0,54,26.9,5,16,7,74
2014-03-26,7.6,14,4,1.52,54,26.9,5,19,5,69
2014-03-27,6.8,13.6,-1,0,57,10,6,44,7,39
2014-03-28,9.4,16.5,3,0,57,15.9,6,31,10,65
2014-03-29,8.9,13.6,6.8,0,71,8,6,30.5,12,58.5
2014-03-30,9.9,14.8,7,13.97,75,11.7,5,19,7,58
2014-03-31,10.8,15.8,7,0.51,81,8,5,44,10,30
2014-04-01,13.9,20.2,8.8,0.25,57,19.8,5,34.5,8,44
2014-04-02,11.3,14,8,0,74,14.4,5,38,8.5,42
2014-04-03,11.3,16.4,7.8,12.45,62,17.8,5,24,6,63
2014-04-04,11.9,17.7,8,0,59,20.2,5,17,8,70
2014-04-05,14.3,20.8,11,0,80,8,5,20,7,47
2014-04-06,15.3,23.2,8,0,69,6.7,5,32,9.5,18
2014-04-07,17.1,25.5,8,0,60,9.1,6,39,9,22.5
2014-04-08,17.4,26,9,0,54,6.9,5,40,9,29
2014-04-09,18.3,27,9,0,49,6.7,5,43.5,12,33
2014-04-10,19.6,28,11,0,44,9.1,5,44,14,35.5
2014-04-11,18.6,27,10,0,47,8,5,41,18,34
2014-04-12,16.8,24.8,12,0,58,8.9,4,17,13,67
2014-04-13,16.8,25.5,8,0,56,5.2,4,22.5,12,50
2014-04-14,17.7,26.5,9,0,49,8,4,34,12,51
2014-04-15,19.1,27,13,0,48,8,5,29,11,60
2014-04-16,18.9,27.6,9,0,45,6.7,4,41,11,46
2014-04-17,19.9,28.9,11.7,0,43,8.3,4,19,9,70
2014-04-18,19.3,28.8,8,0,32,7,4,15,7,85
2014-04-19,17,24.5,9.7,0,58,15.9,4,19.5,11,54
2014-04-20,14.4,19.9,10,0,54,22,3.5,6,6,70
2014-04-21,12,14.3,10,6.35,85,8.3,4,25.5,6,48
2014-04-22,13.5,19.7,8,2.79,62,14.1,4,18,8,57
2014-04-23,14.6,20.7,6,0,59,13.5,4,18,8,57
2014-04-24,12.6,18,9,5.08,70,17.8,4,23,7,54
2014-04-25,12.1,18.4,7,0.51,48,21.3,3,16,6,79
2014-04-26,13.8,18.9,9,0,68,19.1,3,16,7,57
2014-04-27,14.7,21.3,7.8,0.51,42,15.9,3,11,7,80
2014-04-28,18.3,25.4,11,0,45,14.6,3,16,7,58
2014-04-29,17.4,25.9,8,0,46,7.2,4,24,9,60.5
2014-04-30,17.7,25.4,9.4,0,48,8.1,3,26,8,53
2014-05-01,18.3,27.3,9,0,44,7.6,3,18,7,62
2014-05-02,16.7,22.6,11,0,38,15.7,3,13,6,73
2014-05-03,15.3,23.9,5,0,41,14.1,3,9,5,75
2014-05-04,16.4,26.8,6,0,28,5.6,3,19,6,74
2014-05-05,18.8,29.1,7.9,0,33,8,4,43,11,50
2014-05-06,20.1,30,11,0,39,8.7,4,43,14.5,53.5
2014-05-07,20,27.6,14,0,39,2.8,4,50,14.5,39
2014-05-08,20.9,29.9,12.3,0,45,6.7,4,43,16,61
2014-05-09,22.8,31.1,13.8,0,41,8,4,24,11,76
2014-05-10,23.6,32.2,14.3,0,37,7,4,26,10,61.5
2014-05-11,22.3,29.4,14,0,35,7,4,18,7,60
2014-05-12,21.1,30.2,10.9,0,36,9.8,4,25,9,59.5
2014-05-13,17.2,24.3,10,0,39,14.1,4,12,8,71
2014-05-14,16.8,26.7,7,0,28,9.4,3,16,8,79
2014-05-15,19.2,28.3,9.5,0,30,7.8,3,14,9,82.5
2014-05-16,19.4,28,10,0,24,9.1,3,15,7,93
2014-05-17,18.9,27,10,0,25,8.9,3,13,9,99.5
2014-05-18,19.1,27.2,8,0,26,9.8,3,14,8,106
2014-05-19,18.8,23.8,14,0,41,18.5,3,20,15.5,89
2014-05-20,14.7,20.3,10.5,0.51,47,15,3,18,9,79.5
2014-05-21,13.3,18.9,9,0.51,60,25,3,18,8,75
2014-05-22,12.6,19,8,5.33,61,21.5,3,16,8,68
2014-05-23,14.6,20.5,11,0,47,18.3,3,18,8,71
2014-05-24,16.5,23.4,9,0.51,37,9.8,4,15,7,83
2014-05-25,17.3,23.9,10.6,0,41,15.7,4,16,10,81.5
2014-05-26,16.5,24,8.6,0,36,7.6,4,18,8,82
2014-05-27,18.3,24.5,13,0,38,10.7,4,19,9,82
2014-05-28,16.8,22.8,13,0.25,55,16.3,4,18.5,8,66
2014-05-29,17.6,24.1,10,0.51,49,9.6,4,25,8,51.5
2014-05-30,18.9,24.5,14,0,45,13.7,4,16,6,69
2014-05-31,16.2,22.6,9,0,44,16.7,3.5,9,5,80
2014-06-01,18.4,26.1,11,0,42,11.7,3.5,8,6,85
2014-06-02,19.2,28.3,9.7,0,33,7.8,4,23,8,87
2014-06-03,21.8,30.5,11,0,32,10.4,4,27,10,83.5
2014-06-04,23.1,29.5,15,0,34,13.7,4,19,9,80
2014-06-05,21.7,28.6,13.4,0,29,12.4,4,22,9,81.5
2014-06-06,23.2,30.8,13,0,32,15.6,4,36,22,60.5
2014-06-07,22.1,28.5,15.9,0,43,14.8,4,12.5,8,54
2014-06-08,22.4,30.7,12,0,38,10.6,4,22,9,64
2014-06-09,23.2,30.1,16.4,0,34,11.1,4,24,10,66
2014-06-10,22.6,30.2,13,0,36,7.2,4,30,10,59
2014-06-11,22.1,32.7,16.9,0,51,8,4,29,13,70
2014-06-12,24.2,33.7,15,9.65,46,5.9,4,29,12,70
2014-06-13,26.1,35.1,16,0,38,9.4,4,34,14,75.5
2014-06-14,25.9,34.5,19,0,30,14.1,4,13,9,95
2014-06-15,22.1,30.3,12.6,0,32,17.2,3,8,8,99.5
2014-06-16,19.7,27,12,0,35,15,3,13,7,96
2014-06-17,21.6,29.5,12,0,35,8.1,3,19,9,101.5
2014-06-18,24.2,32,15,0,30,10,3,24,12,104
2014-06-19,24.6,32.8,17.9,0,40,9.3,3,15,17,91
2014-06-20,24.9,31.2,18.8,1.78,46,9.4,3,21.5,15,82
2014-06-21,23.9,29.1,19,0,34,14.1,3,13,8,76
2014-06-22,22.8,29.2,14,0,37,6.9,3,23,9,67
2014-06-23,23.4,31.2,14.8,0,35,11.5,3,25,10,67
2014-06-24,18.4,22.9,16,2.29,63,9.3,3,24,8,65
2014-06-25,21.6,28.3,16,0,41,6.3,3,27,8,75
2014-06-26,22.7,29,15.7,1.52,46,9.3,3,29,12,74
2014-06-27,23.9,31.9,14.5,0,36,13,4,34,11,60
2014-06-28,23.8,31.1,14,0,33,20.2,4,17,7,56
2014-06-29,22.3,29.2,16,0,30,10,3,11,5,76
2014-06-30,23.1,30.9,13.6,0,25,11.3,3,25,8,68
2014-07-01,23.1,28.6,16,0,32,17.4,3,19,9,74
2014-07-02,21.1,28.2,14,0,38,10.2,3,15,8,75
2014-07-03,18.2,25,9,6.1,75,10.4,3,19,9,61
2014-07-04,21.3,30,12,20.83,51,7.2,4,28,8,63
2014-07-05,24.6,32.5,15,0,40,11.5,4,30,11.5,76
2014-07-06,22.3,26.9,18.5,0,48,17.4,3.5,10,7,44
2014-07-07,21.9,28.1,17,0,43,10.7,4,16,6,64
2014-07-08,22.5,31.2,13,0,37,6.7,4,26.5,9,71
2014-07-09,22.1,29.1,16,0,41,15.9,4,12,7,70.5
2014-07-10,20.9,30,12.9,0,32,11.3,3,13,6,74.5
2014-07-11,22.3,31.7,13,0,30,11.5,3,17,7,73.5
2014-07-12,20.4,28.2,14,0,42,8.9,3,12,7,66
2014-07-13,19.2,23,16,0,52,6.3,3,13,8,72.5
2014-07-14,27.9,35.9,18.5,0,29,8,4,31,10,59.5
2014-07-15,28.4,36.8,19.6,0,30,7.2,4,25.5,12,77
2014-07-16,29.7,38.5,19.5,0,27,6.3,4,40,18,64
2014-07-17,29.4,38.2,19.8,0,23,9.1,5,41,20,62
2014-07-18,28.9,36.7,21.6,0,24,16.7,5,29,20.5,78
2014-07-19,21.9,25,19,0,45,19.6,4,11,9.5,69
2014-07-20,21.8,27.7,17,0,42,12,3.5,10,5,67
2014-07-21,23.6,32.1,13.9,0,37,6.5,4,26,7,61
2014-07-22,26.9,35.3,17,0,29,8.1,4,28,8,69
2014-07-23,28.7,37.1,17.9,0,23,9.1,4,31,12,78
2014-07-24,29.2,36.2,20.9,0,27,10.4,4,28,13,94
2014-07-25,27.7,35.5,17.8,0,24,7.6,4,37,14,80.5
2014-07-26,28.1,36.3,19.7,0,25,7.2,4,22,15,94
2014-07-27,29.4,37,21,0,31,8.7,5,13,14,98
2014-07-28,28.6,36.2,20,0,31,13,5,23,14,98
2014-07-29,23.8,31,17.9,0,35,12.4,4,11,4,81
2014-07-30,24.1,33.1,15,0,33,10.2,4,17.5,6.5,83
2014-07-31,27.7,35.8,17.2,0,30,11.1,4,28.5,13,82
2014-08-01,25.5,29.4,20,0,38,19.1,4,17,16,91
2014-08-02,24.2,29.4,19.2,0,40,15.6,3.5,10,9,80
2014-08-03,24.4,30.4,17.5,0,41,10.2,3.5,10,6,61
2014-08-04,25.7,33,16.4,0,32,10.6,4,24,8,62
2014-08-05,27.5,34.5,20,0,33,7.8,4,20,12,77
2014-08-06,30.1,35.8,24,0,25,10.6,4,27,11,76
2014-08-07,31.1,35.6,24.5,0,25,10.9,4,25,9,68
2014-08-08,28.2,35.5,18.9,0,28,14.4,5,23,8,65
2014-08-09,26.7,34,18,0,32,12.6,4.5,21,8,62
2014-08-10,26.7,33.4,17.4,0,31,13.7,4,12,9,73
2014-08-11,26.9,34,17.3,0,35,7.8,4,20.5,8,61
2014-08-12,27.3,35,18.6,0,35,11.5,4,20.5,8,67
2014-08-13,24.8,30.2,19,0,33,13.9,3.5,12,4,71.5
2014-08-14,22.7,31.5,15,0,34,10.4,4,12,7,76
2014-08-15,24.4,33.3,14.8,0,28,7,3,11,8,80
2014-08-16,23.3,31.7,16,0,36,11.1,3,7,9,81
2014-08-17,24.6,34,14.6,0,37,5.7,3,10,9,78.5
2014-08-18,26.1,34.2,18.8,0,42,11.7,4,19,12,76
2014-08-19,25.7,33.5,17,0,29,12,4,24,10,77
2014-08-20,24.8,32.4,16,0,30,7.6,4,21,12,89
2014-08-21,24.5,31.5,15.1,0,34,12,3,19,9,68
2014-08-22,23.8,30,18.3,0,36,10.7,4,17,9,73
2014-08-23,23.3,32.1,14.4,0,36,8,3,15,7,68
2014-08-24,25.4,33.5,15.7,0,28,8,4,15,9,70
2014-08-25,26.4,35.2,15,0,22,12.2,4,37,11,61.5
2014-08-26,27.5,35.4,18,0,30,14.6,4,17,10,58.5
2014-08-27,27.5,35.5,19,0,36,6.1,3,21,10,50
2014-08-28,27.4,35.6,17,0,23,12.4,4,32,13,42.5
2014-08-29,27.7,34.3,20.6,0,29,6.7,4,24,9,54
2014-08-30,26.8,34,19,0,43,6.5,3,15,13,64
2014-08-31,27.2,35.3,19.6,0,45,6.9,3,15,12,62
2014-09-01,28.3,36.3,19,0,35,7.2,3,27,10,61
2014-09-02,29.2,38,19,0,27,10,4,28,12,64
2014-09-03,27.4,35,18.6,0,33,13.5,4,26,12.5,67
2014-09-04,25.5,31.9,19,0,40,12.8,3,20,10,55
2014-09-05,25.3,33.1,16.3,0,33,9.1,4,34,9,48.5
2014-09-06,24.2,31.2,16,0,37,9.4,3,24,9,48
2014-09-07,23.2,30,16,0,47,10.7,3,22,9,48.5
2014-09-08,22.9,30.9,15,0,50,8.3,3,26,7,68
2014-09-09,23.9,31.8,16,0,45,6.3,3,29,8,65
2014-09-10,25.1,31.8,17.4,0,37,10,3,32,12,57
2014-09-11,23.9,29.3,18.5,0,42,12.6,3,20,7,68
2014-09-12,23.4,31,14.6,0,44,7.2,3,28.5,7,53
2014-09-13,23.5,31.5,15.6,0,42,7.8,3,32,8,42
2014-09-14,22.7,29.7,14.7,0,41,12.2,3,25,8,51
2014-09-15,20.7,26.7,15,4.83,57,9.8,3,26,5,50
2014-09-16,21.3,28.6,14,0,45,15,4,28,8,56.5
2014-09-17,20.4,26.9,17,0,63,15.2,3,22,10,52
2014-09-18,19.3,26.2,15.8,0.76,66,13.1,3,27,7,39
2014-09-19,18.1,24.1,14.9,1.52,75,10.4,3,29,7,30
2014-09-20,19.3,26.6,13,0,62,6.5,3,30,8,22
2014-09-21,21.3,28.6,15,0,50,10.7,3,18,7,56
2014-09-22,18.9,25.6,14.5,9.91,68,8.3,3,27,6,48
2014-09-23,18.7,24.7,12,0,62,9.6,3,25,7,53
2014-09-24,17.4,22.6,14,0,69,7.6,3,35,8,43
2014-09-25,16.9,24.4,10,0,42,9.8,4,21,21.5,63
2014-09-26,17.6,25.9,10.9,0,53,4.6,3,30,18,52
2014-09-27,18.7,24.9,13,0,60,11.5,3,22,16,62
2014-09-28,18.8,22.2,16,0,70,3.7,3,20,15,61
2014-09-29,18.7,25.1,13.9,0,67,5.6,3,43,15,21
2014-09-30,18.5,27.1,11,0,55,4.6,4,41,11,27
2014-10-01,20.1,27.1,14,0,61,7,3,28,13,50
2014-10-02,20.6,27.8,15,0,61,4.4,3,30,12,43
2014-10-03,20,27.1,14,0,63,5.6,3,39,13,37.5
2014-10-04,19.3,27.1,11.7,0,57,6.7,3,41,12,36
2014-10-05,19.4,26.1,12.8,0,49,9.3,3,24,13,61
2014-10-06,17.7,25.4,9.8,0,56,10.6,3,30,11,50
2014-10-07,18,23.4,13,0,64,13,3,18,7,47
2014-10-08,18.8,25.3,13,0,65,12.8,3,28,9,33
2014-10-09,18.3,20,16,1.27,85,11.9,3,24,8,25.5
2014-10-10,17.1,20.8,15,48.01,83,7.2,3,37,6,27
2014-10-11,16.9,21.2,14,5.33,84,9.6,3,25,6,32
2014-10-12,15.6,20.2,12.9,13.21,72,20.6,2,15,5,60
2014-10-13,14.4,17.7,11,2.03,77,20.6,2.5,20,7,57
2014-10-14,12.6,16,9,9.4,78,11.5,3,33,7,49
2014-10-15,12.8,17,7.8,2.79,88,5.4,3,36,10.5,26.5
2014-10-16,18.2,22,15,0,75,13,3,28,9,27
2014-10-17,17.7,23,13.7,0,73,5.7,3,37,11,18
2014-10-18,17.7,27.1,11,0,67,6.3,4,36.5,11,20
2014-10-19,18.7,27.3,12,0,63,6.3,3,32,15,34
2014-10-20,18.4,27.3,11.6,0,59,4.8,4,48,17,22
2014-10-21,18.9,30,10,0,56,4.1,5,65,24,16.5
2014-10-22,18.6,25,13.6,0,36,7.8,4,44,12,32
2014-10-23,16.3,26,7,0,39,5.4,5,61,12,21
2014-10-24,18.9,28,11,0,48,7.2,5,51,16,20.5
2014-10-25,18.6,27.4,11,0,50,3.9,4,32,13,28
2014-10-26,17.2,28,9,0,53,4.4,4,28,12,30
2014-10-27,16.3,25.4,9,0,55,4.8,5,52,16,21
2014-10-28,14.6,23.4,8,0,70,4.6,5,56.5,19,12
2014-10-29,15.9,24.7,9,0,65,3.5,5,61,19,14
2014-10-30,16.1,26.7,8.5,0,60,3.7,5,63,18,11
2014-10-31,15.4,24.3,8,0,58,6.1,5,50,14,15
2014-11-01,13.8,22.9,7.4,0,66,5,5,47,15.5,14
2014-11-02,13.3,20.4,7.7,0,75,6.9,5,38,15,29
2014-11-03,11.9,16.5,9,3.81,86,15.6,4,31,6,39
2014-11-04,10.2,12.9,8.9,15.24,66,19.8,4,21,6,61
2014-11-05,9.3,13.8,4,0,59,8.7,6,27,9,52
2014-11-06,9.4,15.6,3,0,66,10.2,4,35,10,37
2014-11-07,13.3,18,10,0,72,16.5,4,28,8,45
2014-11-08,11.1,15,9,1.02,72,13.1,3,30,7,51.5
2014-11-09,8.8,13.5,3,0.51,74,6.9,4,20,5,57
2014-11-10,6.5,12.7,0,0,72,8.5,5,42,10,26
2014-11-11,8.8,11.2,7,8.64,92,8.1,4,47,8,28.5
2014-11-12,11.9,15.5,9,13.72,79,19.8,4,25,7.5,50
2014-11-13,12.6,17,8,0,86,9.6,4,48,9,19
2014-11-14,12.5,15.5,8,1.02,84,18.3,4,31,5,48
2014-11-15,9.7,13,7,0.25,80,21.9,3,17.5,6,55
2014-11-16,9.6,13.3,6.8,0.51,77,19.8,3,17,7,49.5
2014-11-17,10.2,14.5,4,0,66,17.2,4,31,7,51
2014-11-18,5.7,12.1,0,0,85,3.7,7,65,13,7
2014-11-19,9.6,16.8,4.9,0,84,3.1,7,61,15,7.5
2014-11-20,12.1,21,6,0,75,6.1,7,48,12,16
2014-11-21,10.5,16.3,5,0,83,5.7,7,51,15,14.5
2014-11-22,12.4,19,8,0,81,6.1,7,38,15,14
2014-11-23,14.3,17,12,0,79,5.7,6,34,28.5,19
2014-11-24,13.5,18.7,9,2.79,79,5,7,42.5,21,11
2014-11-25,11.5,17.1,7,0,89,6.3,7,49,21,11
2014-11-26,10.7,13.3,7,30.73,82,8.3,5,32,7,31
2014-11-27,9.1,13,5.8,0,87,10.9,5,44,7,21
2014-11-28,9.4,11.2,8,3.3,89,14.4,5,43,7,35.5
2014-11-29,9,10.7,7,14.99,93,6.3,5,47,7.5,30
2014-11-30,11,16.1,8,1.78,89,6.1,6,45,10,11
2014-12-01,12.1,16.1,8,1.52,62,19.4,6,32,6,43
2014-12-02,10.7,14.9,8,0,61,18.3,6,34,6,35
2014-12-03,7.5,11.1,5,0,75,4.1,6,40.5,6,16
2014-12-04,7.1,11.7,3,0,68,5.4,6,35,7,26
2014-12-05,6.8,13.5,1,0,70,5.4,7,58,10,12
2014-12-06,5.9,10.4,2,0,64,13.1,6,34,7,38.5
2014-12-07,5.8,10.9,1,0,61,18,6,24,6,58
2014-12-08,3.9,12.8,-2,0,73,4.4,7,61,10,8
2014-12-09,7.1,10.5,2,0,61,20,7,56,8,18
2014-12-10,5.2,12.7,-1,0,73,5,9,82,15,7
2014-12-11,3.9,14.3,-2,0,83,3,12,93,18,5
2014-12-12,4.1,11.6,-2,0,84,6.3,9,71,16,6
2014-12-13,7.8,13.2,4,0,89,6.7,6,47,13,19
2014-12-14,7.7,9.1,7,13.46,99,6.9,6,34,8,37
2014-12-15,7.8,11.7,4,7.62,80,8.9,7,41,7,27
2014-12-16,6.7,13.3,1.7,0,79,5,10,75,17,5
2014-12-17,6.4,13.5,1,0.25,86,5.6,11,86,18.5,5
2014-12-18,5.8,15,0,0,86,3.5,13,85.5,24,5
2014-12-19,5.3,13.8,0,0,89,3.9,13,78,26,5
2014-12-20,5.3,15,-2,0,80,3.3,10,57,11,6
2014-12-21,5.4,15,-1,0,85,5.9,8,38,5,13.5
2014-12-22,4.8,15.5,-2,0,73,3.5,8,50,8,11
2014-12-23,3.3,13.3,-2,0,74,3.5,9,70,12,10
2014-12-24,2.7,11.7,-3,0,85,3.7,9,62,14,6
2014-12-25,4.2,13.1,-2.1,0,78,5.2,8,38,8,23
2014-12-26,4.2,13.2,-2,0,85,3.3,9.5,63.5,13,6
2014-12-27,3.9,9,-1,0,86,8.1,8,50,14,9
2014-12-28,8.2,11.2,3,0,62,23.7,6,16,5,63.5
2014-12-29,4.2,9.8,-1,0.51,28,15.6,7,27,4,58
2014-12-30,1.2,11.9,-6,0,46,2.4,12,83,11,6.5
2014-12-31,1.3,12.7,-6.4,0,44,3.5,12,89,19,5
2015-01-01,1.4,13.1,-6,0,64,4.1,13,91,23,5
2015-01-02,1.9,13.8,-6,0,66,4.4,14,95,19,5
2015-01-03,2.8,14.2,-4,0,69,3.5,12,79,17,5
2015-01-04,4.4,18,-3,0,63,3.1,11,74,16,5
2015-01-05,4.1,14.1,-2,0,71,3.5,11,74,16,6
2015-01-06,2.1,12,-3,0,81,4.1,10,65,21.5,5
2015-01-07,1.9,12.4,-4,0,75,4.3,11,79,19.5,6
2015-01-08,3.2,14.4,-4,0,69,3.9,12,83,17,6
2015-01-09,4,15.6,-3,0,72,5,13,90,15.5,5
2015-01-10,3.6,14.5,-4,0,71,5,11,72,12.5,6
2015-01-11,5.1,16.4,-2,0,72,4.1,10,62,13,7
2015-01-12,4.4,13.7,-2,0,76,5.9,9,56,7.5,12
2015-01-13,4.7,13.1,-2,0,77,6.7,9,66,14,8
2015-01-14,3.2,7.2,-2,0,95,3.7,8,69,20,7
2015-01-15,7.4,12.5,5,0,87,11.1,6,54,13.5,13
2015-01-16,6.6,9.5,2,6.6,64,20.6,6,32,6.5,52
2015-01-17,2.8,9.6,-3,0,67,7,6,47,7,33
2015-01-18,1.3,4.2,-1,0,92,3.9,5,39,10,23
2015-01-19,2.7,7.1,0,8.13,69,19.1,6,34,5,37
2015-01-20,1.7,7.7,-2,0,78,3.1,7,70,8.5,10
2015-01-21,1.8,6.9,-3,0,85,8.7,6,49,7,27
2015-01-22,2.7,8.3,-2,0.25,74,10,6,36,6,53
2015-01-23,3.6,9.8,-2,0,60,11.3,8,64,9,18
2015-01-24,3.6,12.1,-5,0,58,8.9,8,64,10,21
2015-01-25,7.9,14,2,0,46,13.5,7,42,6,45
2015-01-26,5.4,14,-3,0,49,5.2,10,81,13,10
2015-01-27,6.6,13.9,-0.7,0,59,10.6,9,57,9,17
2015-01-28,5.6,14,-2,0,68,4.8,10,79,15.5,6
2015-01-29,6.9,13.9,-1,0,77,15.6,6,44,10,34
2015-01-30,12.6,17.8,10,0,77,27,5,21,4.5,44
2015-01-31,7.8,12,3.9,3.3,61,28.9,5,15,2,69
2015-02-01,4.8,9.3,1,0,54,23.9,4,13,3,74
2015-02-02,5,6.5,3,0,76,17.8,4,31,5,46
2015-02-03,6.3,10.1,3.8,2.54,73,20.7,5,26,3,58
2015-02-04,2.2,5.4,0,3.3,58,23.7,5,23,4,66
2015-02-05,2.6,6.3,1,0,48,25.7,5,22,5,66
2015-02-06,1.8,6.4,-1.2,0,58,14.8,6,30,5,57
2015-02-07,1.1,4.1,-1,0,67,5.7,6,42,10,21
2015-02-08,1.8,10.5,-5,0,63,6.9,6,27,10,42
2015-02-09,4.2,11.6,-2,0,60,9.4,6,34,10,46
2015-02-10,4.6,9.5,0,0,71,5.4,6,48,10,38
2015-02-11,5,9,2,0,84,6.7,6,53,11,27
2015-02-12,6.3,12.8,2,0,76,5,7,51,16,20
2015-02-13,6.7,13.9,0.5,0,75,12.4,6,44,16,27
2015-02-14,9.4,13.3,7.8,0,72,19.3,5,19,8,63
2015-02-15,10.9,16.3,7.9,5.08,73,13.5,5,16,4,55
2015-02-16,9.7,15,5,0,67,8.3,5,32,6,44.5
2015-02-17,7.7,12.6,4.8,6.35,59,20.7,5,18,3,68
2015-02-18,6.8,12,3,0,56,10,5,26,6,54
2015-02-19,5.4,13.6,-2,0,65,3.9,7,48,14,27
2015-02-20,4.8,12.5,-2,0,69,8.7,6,60.5,20,29
2015-02-21,8.4,13.7,5,1.78,63,15.7,5,21,7,62
2015-02-22,7.6,15.3,0.6,0,58,7.2,5,32.5,6,52.5
2015-02-23,10.1,14.6,5,0,67,20.2,5,21,5,49
2015-02-24,7.7,12.1,2.9,0,51,20.4,5,19,4,72
2015-02-25,8.4,15.8,0.5,0,59,8.9,5,27,4,64
2015-02-26,9.9,14.5,5,0,68,6.1,6,41,6,35
2015-02-27,8.4,15,3,0,56,12.2,6,34.5,5,47
2015-02-28,8.6,17,0,0,59,5.9,6.5,41,7,37.5
2015-03-01,13.1,19.9,6,0,66,10.9,5,17,5,53
2015-03-02,12.6,18,8,0,80,10.2,5,31,10,24
2015-03-03,11.2,18.3,6.9,0,86,5,6,43,19,9
2015-03-04,9,15.2,3,0.25,59,16.5,6,36,10,46.5
2015-03-05,6.7,15.4,-0.1,0,37,9.8,6,28,4,59
2015-03-06,9,18.8,-1,0,31,6.7,7,51,7,43.5
2015-03-07,9.6,23.3,-1,0,41,3.7,9,60,13,13
2015-03-08,11.2,24.5,0,0,37,6.5,7,46,9.5,35.5
2015-03-09,11.7,23.2,1,0,33,5.7,7,59,9,33
2015-03-10,11.8,23.2,1,0,36,5.4,7,63,10,18
2015-03-11,11.6,22.9,1,0,43,5.2,8,74.5,19,16
2015-03-12,12.1,22.1,2,0,49,5.7,8,76,17,19
2015-03-13,11.1,19,3.5,0,49,12.8,7,40,13,43
2015-03-14,7.7,14.3,3,0,44,14.4,5,17,3,73
2015-03-15,5.2,9.5,0,0,55,9.3,5,22,9,66
2015-03-16,5.1,13.1,-3,0,51,5.7,5,37,15.5,50.5
2015-03-17,7.6,15.1,1,0,57,8.5,6,38,18,50.5
2015-03-18,6.7,9.1,3,0,76,8.9,5,38,10,54
2015-03-19,9,12.3,6,13.21,82,15,5,19,5,64
2015-03-20,10.1,12.9,8.9,1.02,72,18,6,22,12,65
2015-03-21,9.3,12.8,7,5.84,82,14.6,5,19,6,61
2015-03-22,10,13.7,8,2.29,73,13,6,17,5,61
2015-03-23,7.3,8.8,6,2.54,96,7,6,50,6,28
2015-03-24,9.4,13.5,6.8,21.34,75,16.5,6,22,4,61
2015-03-25,6.1,10,3,0,53,31.3,5,17,2,77
2015-03-26,9.6,16,2,0,56,11.5,6,30.5,5,48
2015-03-27,14.2,20.2,8,0,64,11.5,7,26,6,38
2015-03-28,14.5,24.5,5,0,59,5.9,7,39,11,21
2015-03-29,14.4,24.3,5,0,51,4.6,6,25,6.5,52
2015-03-30,16.2,26.3,7.7,0,50,6.7,6,47,8,47
2015-03-31,16.9,27.1,7,0,46,8,7,55,10,33
2015-04-01,15.2,22.8,8,0,45,8.3,6,22,6,61
2015-04-02,14.3,25.2,3.6,0,41,5.4,5,17,5,72
2015-04-03,15.6,24.3,7,0,35,5.7,5,16.5,3,52
2015-04-04,14.8,23,8,0,35,8.9,5,13,4,63
2015-04-05,14.2,24.1,4,0,41,6.1,5,17,3,69
2015-04-06,8.9,11,6,0,67,5.6,5,20,7,64
2015-04-07,12.3,18.4,6,0,52,11.3,5,17,8,80
2015-04-08,10.9,18.6,3.9,0,46,12.2,5,17,7,94
2015-04-09,8.1,11,6,0,72,7.2,5,34,8,57
2015-04-10,11.5,17.1,8,7.11,73,4.8,5,37,16,57
2015-04-11,13.1,22.4,6,0,67,9.1,6,25.5,10.5,61
2015-04-12,15.1,22.1,9,0,57,6.7,5,19,13,68
2015-04-13,16.6,23.3,11,0.25,46,14.8,5,24,16,71
2015-04-14,15.9,24,6,0,40,13.5,5,24,16,79
2015-04-15,14.4,19.2,11,0.51,50,8.3,5,28,13,75
2015-04-16,13.7,18,11,19.3,75,15,5,24,8,59
2015-04-17,15.1,20.4,10.9,0,63,9.8,5,26,11,58
2015-04-18,13.2,19.2,7,0,58,15.7,5,28,11,64
2015-04-19,11.7,19,3,0,57,5.9,5,17,4,77
2015-04-20,13.1,22.2,4,0,53,5.4,5,32,6,56.5
2015-04-21,15.8,23.4,8.8,0,47,11.1,5,21,6,86
2015-04-22,15.9,22.7,7.6,0,50,11.3,5,23,8,87
2015-04-23,16.2,24.5,6.8,0,44,8,5,43,11,57
2015-04-24,16.3,23,8,0,49,8.5,6,48,12,46
2015-04-25,15.5,20.2,11,0,60,16.7,5,14,5,74
2015-04-26,12.2,16.4,10,4.83,87,13.7,5,18,4,59
2015-04-27,13.2,17.9,8.8,12.95,59,16.7,5,20,4,68
2015-04-28,13.6,20.3,6,0,58,7.2,5,34,5,54
2015-04-29,17.2,22,12,0,49,10.7,5,24,7,65
2015-04-30,16.2,24,7,0,55,8.3,5,36,9,52
2015-05-01,18.3,24.2,12,0,59,11.7,5,17,7,55
2015-05-02,20.6,27.2,13.8,0,64,13,5,14,7,31
2015-05-03,19.7,23,16,0,53,11.7,5,20,8,52
2015-05-04,20.4,27.7,14.9,0,47,17.2,5,29,12,52
2015-05-05,16.3,21.2,11,0,51,20,5,15,5,80
2015-05-06,15.2,23.2,6,0,39,7.4,5,29.5,7,71
2015-05-07,18.4,29,6,0,36,8,6,53,11,51.5
2015-05-08,20,25.3,13.9,0,46,15.7,5,21,8,74
2015-05-09,19.7,28.7,10,0,45,4.8,5,33,10,53
2015-05-10,22.6,31.5,13,0,33,9.3,5,23,11,70
2015-05-11,23,33.1,12,0,31,7.4,5,35,12,70
2015-05-12,24.3,34,12,0,29,7,6,48,16,68
2015-05-13,25.9,37,14.8,0,27,10.7,6,66,25,37.5
2015-05-14,24.8,33,17.7,0,27,17.8,5,32,19,80.5
2015-05-15,17.2,23,11,0,36,17,5,11,5,85
2015-05-16,18.9,28.1,9,0,33,11.9,5,11,3,78
2015-05-17,21.5,30.9,11,0,30,7.4,5,10,4,79
2015-05-18,23.1,32,11.9,0,30,9.3,5,29,9,79
2015-05-19,17.5,22.6,10,0,47,16.3,5,19,6,68
2015-05-20,13.9,21.2,5.6,0,44,14.4,5,14,4,81
2015-05-21,14.9,23,7.7,0,37,13.7,5,13,4,86
2015-05-22,14.6,22.8,6,0,36,15.7,5,13,5,85
2015-05-23,16.1,23.5,9,0,41,16.3,5,9,6,87
2015-05-24,17.9,25.6,10,0,41,11.7,5,8,5,75
2015-05-25,19.8,27.3,12.9,0,40,9.1,5,16,7,73
2015-05-26,20.3,28.8,11,0,32,11.9,5,16,6,71
2015-05-27,21.1,29.5,12,0,30,10.6,5,17,6,77
2015-05-28,22.8,32,12.4,0,30,7,5,30,13,82
2015-05-29,22.4,30.5,14.6,0,35,9.6,5,34,10,82
2015-05-30,21.2,29.6,12,0,41,8.7,5,29,10.5,76
2015-05-31,22.7,30.9,12.9,0,34,5.9,5,19,9,78.5
2015-06-01,24.1,31.3,13.6,0,32,8.5,5,29,11,72
2015-06-02,25.6,32.6,15.9,0,32,7.4,5,29,12,70
2015-06-03,26.3,34.4,16.7,0,32,8.5,5,28,12,85
2015-06-04,25.4,32.2,16.4,0,23,9.3,5,14,8,93
2015-06-05,24.8,32.6,14.6,0,23,7.6,6,22,11,89
2015-06-06,25.4,34,14.8,0,26,8.3,5,19,11,98
2015-06-07,26.6,34.1,18.5,0,23,8.3,5,14,9,97.5
2015-06-08,26,33.2,15.3,0,21,5.9,5,25.5,10,100
2015-06-09,24.1,33.2,17.7,0,36,13.5,5,23,11,99
2015-06-10,20.9,27.7,16.9,1.02,63,10.6,5,30,14,66
2015-06-11,18.7,23.8,13,1.52,68,12,4,30,12,55
2015-06-12,18.9,24.2,14.9,27.69,54,15.4,4,21,9,67
2015-06-13,18.6,23.7,14.7,0,45,13.5,4,22,8,81
2015-06-14,17.6,22.5,13.6,0,46,16.9,4,10,4,82
2015-06-15,15.6,21.3,12,5.59,70,8.9,4,21,4,80
2015-06-16,18.9,26.5,11,8.38,52,7.6,4,23,6,65.5
2015-06-17,20.5,27.1,13,0,44,10.9,4,18,7,75
2015-06-18,22.6,30.3,14,0,37,8.7,4.5,19,10,89
2015-06-19,25.3,33.2,16.7,0,31,10.7,5,20,9,72
2015-06-20,25.6,34.3,14.7,0,20,8.5,5,15,6,82
2015-06-21,27.4,35.7,16.3,0,27,8.3,4,18,11.5,82.5
2015-06-22,28.5,34.5,21,0,30,11.9,5,29,17,99
2015-06-23,24.3,32.1,17.9,0,42,10.7,5,27,13,82
2015-06-24,23.4,31.5,15.5,5.84,41,5.7,4,26,9,87
2015-06-25,26,33.1,16,0,33,8,4,31,12,83.5
2015-06-26,27.4,35.7,17,0,27,7.6,5,54,16,63
2015-06-27,29.4,38,17.7,0,24,8.1,5,35,18,87
2015-06-28,30.7,39.3,19.3,0,21,8.5,5,32,16,87
2015-06-29,31.6,40,21.7,0,22,6.7,5,38,19,88.5
2015-06-30,32,40,21.4,0,21,14.1,5,35,19,90
2015-07-01,30.6,37,22,0,21,12.8,5,31,14,91.5
2015-07-02,28.1,34,21.8,0,27,10.6,4,26,8,75
2015-07-03,30.2,37.2,21.6,0,34,15.9,4,22,15,90
2015-07-04,30.2,38,22,0,31,9.8,4,16,13,82
2015-07-05,30.8,38,20.8,0,25,7.8,4,25.5,16,74
2015-07-06,32.2,41,20.9,0,22,10.6,5,52,20,49
2015-07-07,32.3,39.1,21.1,0,20,15.6,5,46,19,61
2015-07-08,30.8,39.4,20.2,0,17,11.9,5,42,13,68
2015-07-09,30.8,39.2,19.4,0,21,10,4,29,12,72
2015-07-10,30,38,18.6,0,19,14.4,5,38,13,80
2015-07-11,29.7,37.2,18.9,0,22,7.8,4,26,12,100
2015-07-12,30.4,38,19.9,0,23,8,3.5,19,12,90
2015-07-13,31.3,39,21.2,0,21,8.1,5,34,14,87
2015-07-14,31.9,40,22.3,0,20,6.9,5,35,15,95.5
2015-07-15,31.4,39.7,22.2,0,20,7.2,5,38,16,99
2015-07-16,31.1,39,20.7,0,22,8.9,4,48,20,75.5
2015-07-17,30.8,37.1,22.9,0,26,9.3,4,31,16,89
2015-07-18,28.9,34,21.7,0.25,33,14.8,3.5,18,11,96
2015-07-19,28.8,35,21.1,0,30,7.8,3.5,17,7,67
2015-07-20,30.4,38,20.9,0,30,8.5,4,29,9,57
2015-07-21,31.1,38,21.2,0,29,13.7,3,29,11,63
2015-07-22,29.4,35,22.8,0,38,9.3,3,24,10,70
2015-07-23,29.2,37.2,20.2,0,35,9.6,4,26,11,65.5
2015-07-24,28.4,36,18.6,0,29,11.3,4,33,11,66.5
2015-07-25,27.4,34.2,19.6,0,33,9.1,3.5,14,8,72
2015-07-26,29,37,19.1,0,29,10.2,4,14,11,74
2015-07-27,30.8,39,22.6,0,26,10.4,4.5,24,8,57
2015-07-28,30.3,38,18.8,0,25,9.1,5,31,10,67
2015-07-29,29.8,38,19.8,0,23,10.2,5,28,9,60
2015-07-30,27.9,35.3,21.5,0,38,10,5,23,9,57
2015-07-31,25.8,32,19.8,0,45,14.1,5,22,6,51
2015-08-01,24.7,32.3,17,0,41,8.1,5,12,6,75
2015-08-02,28.1,36,20.8,0,39,7.6,5,12,9,73
2015-08-03,29.5,37.3,20.4,0,35,10.4,5,29,16,67
2015-08-04,30.6,36,23.7,0,26,10.9,5,21,12,88
2015-08-05,28.9,37,17.9,0,22,12.4,5,35,12,73
2015-08-06,28.7,38.3,15.8,0,15,12,5,44,11,62
2015-08-07,29.1,37,17.9,0,19,15.2,5,31.5,16,69
2015-08-08,28.5,35,20,0,34,16.1,4.5,19,27,87
2015-08-09,24.8,34,15.8,0,33,9.6,5,10,7,69
2015-08-10,27.6,37,17,0,29,8.3,5,24,10,64
2015-08-11,29.5,34.3,21,0,28,13.1,5,24.5,19,71
2015-08-12,27.2,34.1,18,0,23,10.9,5,24,10,69.5
2015-08-13,24,28,19.1,0,36,19.4,5,11,4,68
2015-08-14,21.9,27.6,15,0,39,7,5,16,4,68
2015-08-15,23.1,27.5,18.6,0,34,7.8,5,10,4,72
2015-08-16,25.7,30.6,18,0,35,10.6,5,11,5,62
2015-08-17,26.6,32,20.3,0,37,9.6,5,17,7,57.5
2015-08-18,25.4,32.5,18.3,0,39,10.2,5,14,8,67
2015-08-19,25.4,33,18.4,0,38,8.1,5,16,8.5,69
2015-08-20,27.8,36,19,0,31,6.9,6,23,10,67
2015-08-21,27.1,35,20.8,0,40,11.9,5,25,12,69
2015-08-22,25.3,32.4,17.9,2.03,48,16.1,5,14,9,79
2015-08-23,22.8,27,19,0,42,25,5,8.5,6,63
2015-08-24,20.9,25,15.2,0,40,18.7,5,11,4,71
2015-08-25,21.7,30.2,11.9,0,34,5.6,6,29,6,58
2015-08-26,24.9,33.1,15.8,0,35,9.4,6,31,10,64
2015-08-27,25.1,33,15.2,0,31,11.7,5,30.5,7.5,58.5
2015-08-28,25.7,35,15.1,0,31,5.7,6,41,10,38
2015-08-29,28.8,36.2,19,0,32,11.3,6,17,11,79
2015-08-30,26.3,36,20.8,8.89,45,10.6,5,12,11,77
2015-08-31,22.9,29,17.5,0.51,66,8.1,5,29,13,40
2015-09-01,23.6,31,15.7,0,50,7.2,5,35,10,45
2015-09-02,24.9,31,17.8,0,47,10.4,5,27,11,61
2015-09-03,22.7,27.5,17,0,38,10.4,5,22,9,78.5
2015-09-04,21,27.2,16,0,46,11.1,5,17,6,72
2015-09-05,20.1,27.6,12.7,0,41,8.3,5,13,6,65
2015-09-06,21.7,28.2,15,0,43,6.1,5,18,7,66
2015-09-07,21.3,27.4,15.8,0,46,8.5,6,27,7.5,59
2015-09-08,21.1,29.3,12.6,0,41,7.6,6,31,10,59
2015-09-09,21.6,30,11.3,0,32,10.6,6,46,11,46.5
2015-09-10,23.7,29,16,0,36,10.6,5,38,8,46
2015-09-11,23.3,30.6,13.3,0,35,10.4,6,44,9,43
2015-09-12,23.5,29,18.4,0,35,12,6,37,10,48.5
2015-09-13,21.6,25.6,18,0,38,24.4,5,10,5,81
2015-09-14,19.7,25,14.7,0,49,15.6,5,17,5,62
2015-09-15,17.6,21.2,14,0,51,15,5.5,24,6,61
2015-09-16,18.7,23.3,15.9,7.11,71,26.3,5,19,4.5,46
2015-09-17,15.9,21.4,11.2,15.24,51,12,5,22,4,51
2015-09-18,16,25,7.9,0,48,6.1,6,34,5,35
2015-09-19,18.1,27,9,0,44,4.3,5,29,7,41
2015-09-20,19.4,29,9,0,42,6.3,5,32,8,50.5
2015-09-21,20.9,30,11,0,35,7.8,5,52,10,50
2015-09-22,20.4,30.1,9.7,0,33,9.1,5,43,8,67
2015-09-23,19,25.3,11.8,0,42,9.8,5,25,6,56
2015-09-24,19.9,29.5,10.8,0,35,7.4,6,35,6,43
2015-09-25,21.4,30.4,10,0,24,6.3,5.5,42,9,43
2015-09-26,20.8,29.6,11.5,0,28,6.9,5,40,9,39
2015-09-27,21.2,29.1,14,0,36,8,5,29,8,55
2015-09-28,18.4,26.1,10.4,0,47,5.6,5,25,7,54
2015-09-29,18.1,25,10.7,0,52,6.5,5.5,32,9,53
2015-09-30,18.4,24.4,14,0,55,8,5,33,7,55
2015-10-01,18.4,26,9,0,40,11.7,6,51,11,32
2015-10-02,19.6,26,10,0,35,13.3,5,28,8,63
2015-10-03,19.8,26,15,0,42,9.8,6,41.5,11.5,40
2015-10-04,18.7,22.3,14,1.02,63,9.8,6,26,12,36
2015-10-05,20.8,25,16.7,2.54,67,22.2,5,23,10.5,34
2015-10-06,18.2,22,14.5,19.81,69,22.2,5,18,5,44
2015-10-07,15.9,22,11,0,62,5,6,34.5,7,33
2015-10-08,15.6,23,9.5,0,55,6.5,6,38,9,36.5
2015-10-09,14.9,23.1,7.7,0,58,5.2,6,54,11,15
2015-10-10,15.7,23.4,7.7,0,61,6.9,6,46,12,24
2015-10-11,17.2,21.6,14,1.78,75,9.1,5,21,8,37
2015-10-12,17.9,23.4,14,0,73,7,5,22,5,20
2015-10-13,13.3,16,10,0,81,7.6,6,39,8,12
2015-10-14,11.6,19.1,5,1.52,65,5.9,6,38,12,23
2015-10-15,11.8,21.2,3.5,0,51,4.8,6,56,11,19
2015-10-16,12.4,22.8,3.7,0,56,4.4,6,65,13,13
2015-10-17,15.5,22.3,9,0,75,6.7,5,42,15,22
2015-10-18,15.9,19,13,9.91,93,4.4,6,30,10,17
2015-10-19,16.6,21,14,17.02,84,7.6,6,37,9,25
2015-10-20,15.7,20.5,10.9,0,61,8.1,6,29,6,28
2015-10-21,12.1,19.1,5,0,60,4.6,7,39,8,28.5
2015-10-22,12.5,21.1,4,0,61,4.1,7,61,13,10.5
2015-10-23,13.7,20,7.8,0,70,4.1,8,58.5,12,8
2015-10-24,15.2,21,9.8,0,70,3.3,8,48,15,8
2015-10-25,15.9,21.7,10,0,67,7.2,5.5,29,10,37
2015-10-26,15.2,19,13,0,81,6.7,5,34,11,33.5
2015-10-27,14.4,16.7,10.8,0.51,72,19.3,6,25,6,44
2015-10-28,12.8,17.1,9.8,3.3,76,20,5,24,4,53
2015-10-29,14.1,17,11.7,0,80,7.6,5,37,7,40
2015-10-30,14.9,22.5,8,0,75,4.3,6,49,14,9.5
2015-10-31,15.8,20.7,11.8,0,75,6.9,7,27,11,44
2015-11-01,16.4,20.4,12.9,0,61,9.6,6,20.5,7,58
2015-11-02,12.9,16,10.5,12.95,80,14.1,6,31,5,47
2015-11-03,12.3,15,9.8,15.49,86,11.9,6,37,5,38
2015-11-04,12.9,16,10.9,0.51,92,4.6,6,51,13,11
2015-11-05,14.6,18,11.7,0.25,86,5.9,6,49,10,11
2015-11-06,14.6,22,8.9,0,84,3.9,8,57,22,7
2015-11-07,15.2,23.5,8.6,0,83,4.1,7,40,15,8
2015-11-08,15.1,23.3,8.9,0,71,5.7,7,31.5,9,10
2015-11-09,13.4,22.1,6,0,74,4.4,8,39,9,11
2015-11-10,12.9,22.5,6,0,70,3.3,9,73,19,7
2015-11-11,11.6,22.8,4.7,0,68,3.7,10,72,19,7
2015-11-12,11.4,22.4,4,0,66,3.9,10,71,18.5,9
2015-11-13,11.6,22,3.9,0,67,5.9,10,60,15,11
2015-11-14,12,18.8,5.9,0,74,5.7,7,37,14,26
2015-11-15,10.5,19.6,4,0,78,3.9,8,42,17,11
2015-11-16,9.6,18.3,3,0,79,4.6,9,63,24.5,7
2015-11-17,9.2,18.1,2.6,0,80,4.4,9,69.5,34,7
2015-11-18,10.4,21.4,2,0,70,4.4,11,74.5,22,7
2015-11-19,11.6,21.5,4.6,0,74,4.3,10,72,19,7
2015-11-20,12.7,21,4.7,0,64,10.9,10,61,17,8
2015-11-21,11.7,16.3,3,0,54,21.3,6,19,5,51
2015-11-22,5.9,10,1,0,63,9.6,5,23,3,51
2015-11-23,5.4,11,0.5,0,58,11.3,7,34,3,37
2015-11-24,4.9,12,-1.1,0,67,3,8,73,11,11
2015-11-25,10.1,17.3,4.3,0,63,5.2,6,34,6,47
2015-11-26,10.6,17,4,0,52,14.1,8,53,7,33
2015-11-27,12.7,17.3,8,0,60,16.9,8,53,7,28
2015-11-28,8.6,17,1.9,0,66,4.8,8,54,10,15.5
2015-11-29,4.8,14.9,-1.6,0,64,4.3,8,49,12,14
2015-11-30,4.5,17,-3,0,57,5.7,12,73,15,8
2015-12-01,4.6,18,-4,0,51,4.8,12,83,16,7
2015-12-02,5.4,15.3,-1,0,61,4.3,14,95,31.5,5
2015-12-03,6.4,16.7,-1,0,70,5,12,79,28,6
2015-12-04,7.7,17.4,0.7,0,72,3.9,13,82,26,5
2015-12-05,8.9,19.1,2,0,70,4.4,10,64,22,6
2015-12-06,7.6,17.7,0,0,72,5,9,47,17,8
2015-12-07,6.7,11.3,2,0,84,5.2,8,55,18,9
2015-12-08,8.8,14,4.7,0,82,4.6,9,48,25,7
2015-12-09,8.3,16,2,0,80,6.7,9,48,14,11
2015-12-10,8.2,14.3,3,0,80,4.8,9,56,16,8
2015-12-11,9,14,4,0,75,3.1,8,53,12,13
2015-12-12,9.6,12.1,7,0,72,4.1,7,37.5,11,26
2015-12-13,7.5,13.4,2,0,78,5.4,8,52,19.5,9
2015-12-14,10.2,15.1,6.5,0.25,76,4.8,8,59,19,10
2015-12-15,10.3,16,6,0.51,82,4.3,9,62,24.5,7
2015-12-16,7.7,15.4,2,0,81,5.2,11,60,26.5,6
2015-12-17,7.4,16.1,2,0,76,3.9,12,71,29.5,6
2015-12-18,7.7,15,3,0,76,4.6,12,69,30,6
2015-12-19,7.3,16.3,1.4,0,73,5.2,11,61,30,6.5
2015-12-20,7.8,16,1,0,69,6.3,10,54,24,8
2015-12-21,7.6,15.5,2,0,78,3.7,10,64,28,7
2015-12-22,6.2,16.3,0,0,77,5,12,69,22,8
2015-12-23,6.2,15.5,0,0,77,4.1,14,68,23.5,7
2015-12-24,4.5,11.3,0,0,84,4.1,12,60,31,6
2015-12-25,4.4,14.2,-2,0,83,4.8,11,46.5,35,9
2015-12-26,3.7,12,-1,0,88,4.1,10,49,24,12
2015-12-27,5.8,15,-1,0,76,5.7,9,37,11.5,22
2015-12-28,7.9,15,2,0,78,9.4,9,48,13,22
2015-12-29,8.4,11.3,5,3.3,90,6.3,7,48,10,24
2015-12-30,7.9,10,6,0,88,5.4,8.5,45,9,23
2015-12-31,7.5,12.4,6.1,0,87,6.7,7,44,11,12
2016-01-01,10.6,15,8,0.25,87,8.3,7,32,10,26
2016-01-02,9.1,12.1,3,1.78,71,14.1,7,19,4,48
2016-01-03,6.8,13,2,0,91,12.6,6,27,5,36
2016-01-04,12.7,15,7,0,86,33.2,7,15,3,39
2016-01-05,7.9,10.1,5,3.81,58,20.6,7,25,3,59
2016-01-06,5.7,9.2,1.6,0,75,19.3,6,18,3,52
2016-01-07,12.8,15.4,6.5,0.25,82,28,7,16,3,53
2016-01-08,12.2,14,10.8,0,86,20.4,7,30,4,45
2016-01-09,10.3,12.9,8,5.59,83,18.7,7,24,4,56
2016-01-10,11.1,12.5,9.4,0,83,27.8,7,12.5,3,65
2016-01-11,9.9,12.1,5,11.18,75,22.4,7,26,3.5,59
2016-01-12,7,11.6,3,1.78,69,12.6,8,42,6,37
2016-01-13,4.1,10.7,-1,0,80,4.3,10,64,13,10
2016-01-14,4.7,8.1,1,0,93,5,9,57,16,9
2016-01-15,7,10,4,1.27,66,17.6,8,33,5,33.5
2016-01-16,4.6,9.1,-1,0,55,13.1,9,34,4,44
2016-01-17,1.6,7.5,-4.1,0,70,6.5,9,55,12,15
2016-01-18,6.5,12.3,1,0,70,13,7,40,10,35
2016-01-19,5,9.9,0,0,74,4.8,9,68,10,22
2016-01-20,4.8,9,-0.2,0,84,3.3,9,66,15,10
2016-01-21,5.8,9,3.7,0,91,3.7,8,62,20,8.5
2016-01-22,8.3,11,4.1,0,92,5,8,60,28,6
2016-01-23,11.3,18.2,8,0.76,85,4.4,8.5,41,19,8
2016-01-24,10.2,19.5,4,0,82,4.1,9,37,12,9
2016-01-25,9.6,17,4,0,83,5.7,10,55,20.5,7
2016-01-26,8.9,17,3.6,0,84,5.9,9,53,29,7
2016-01-27,8.4,10,6.1,0,94,5.9,7,54,36,6
2016-01-28,8.1,10.1,7,0,91,8.1,6,50,22.5,14
2016-01-29,8.2,11,6.9,2.29,85,6.3,8,46,8,25
2016-01-30,7.8,14.2,1,0,78,8.1,8,37,10,22
2016-01-31,8.6,14.8,4,0,80,3.9,8,38.5,11,27
2016-02-01,8.8,17.7,2,0,79,5.6,10,63,20,7
2016-02-02,7.2,14.7,2,0,88,4.6,11,67,25,7
2016-02-03,8.8,15,4.2,0,63,15.6,8,30,7,33
2016-02-04,5.8,13.5,0,0,61,6.9,8,34,5,38.5
2016-02-05,4.3,12.4,-1.3,0,76,5.4,8,54,11,13
2016-02-06,5.5,12.6,-1,0,80,11.3,8,42,20,18
2016-02-07,7.9,11.2,5,11.43,60,25,6,15,3,69
2016-02-08,9.3,14,6,0,78,18.9,5,25,5,47
2016-02-09,11.3,13.2,9.6,0,80,29.1,6,17,3,55
2016-02-10,12.4,15.3,9,0,78,27.6,6,18,3,52
2016-02-11,13.4,17,11,0,72,23.2,6,24,3,48
2016-02-12,12.2,14.1,9.7,1.52,86,29.4,6,19,4,41
2016-02-13,13.6,15,12.8,5.84,88,29.8,6,12,3,36.5
2016-02-14,8.4,13,4.8,3.56,64,23.9,6,13,2,72
2016-02-15,5.4,10.6,2,0.76,60,21.7,5.5,18,2,69
2016-02-16,3.8,9,-1,0,51,20.9,6,24,3,62
2016-02-17,2.4,10,-6,0,61,11.5,7,43.5,8,40
2016-02-18,5.6,10,3,1.02,78,9.8,7,32,6,49
2016-02-19,5.2,12.8,-1,0,51,9.4,7,28,3,52
2016-02-20,5.3,15.3,-2.2,0,54,5.6,9,36,6,34
2016-02-21,6.6,15.2,-1,0,54,6.9,8,35,12,33
2016-02-22,8.3,16.2,0.8,0,58,6.9,8,52,55.5,28.5
2016-02-23,8.3,16.4,0,0,65,6.1,7,53,16,32.5
2016-02-24,6.1,12,0.7,0,80,10,7,48,15,20
2016-02-25,8.8,13.8,2,1.78,64,11.1,6,27,5,52
2016-02-26,6.4,9,4,0,83,17.8,6,32.5,5.5,45
2016-02-27,5.7,9.2,3.8,6.35,59,26.1,6,12,2,71
2016-02-28,7.2,10.2,4,0,61,21.3,6,19,3,61
2016-02-29,7.9,12.4,4,0,47,25.6,7,28,6,64
2016-03-01,7.6,17.9,-1,0,42,5.2,9,66,10,23
2016-03-02,9.3,19,-1,0,56,13.3,8,41.5,9,36.5
2016-03-03,9.2,16.5,2,0,57,5,8,35,7,64
2016-03-04,8.3,16.3,0,0,67,18,6,32,9,46
2016-03-05,6.9,11.4,4,2.29,56,23.2,6,16,3,68
2016-03-06,6.6,11.5,-0.2,0,55,11.5,6,18,3,66
2016-03-07,7.4,11.9,4,1.52,60,22.6,6,20,3,65
2016-03-08,6.9,12,3,2.79,51,20.2,6,22,4,67
2016-03-09,5.3,15,-1,0,67,13.9,6,37,6,41
2016-03-10,7,11.9,3,0,52,24.6,6.5,19,3,69
2016-03-11,8.1,14.7,2,0,48,15.7,7,24,4,67
2016-03-12,6.4,14.7,-2,0,54,5.4,7.5,35,10,43
2016-03-13,8,16.8,-1,0,44,7,7,26,12,58
2016-03-14,7.2,14,1,0,41,8.7,9,25,16,80
2016-03-15,7.2,16,-2,0,51,6.7,8,43,15,55
2016-03-16,7.6,16.6,-2,0,49,6.5,9,70,17,28
2016-03-17,9.2,16.7,1,0,51,7.4,9,51.5,14,44
2016-03-18,8.4,15.6,0,0,61,10.4,8,37,12,46
2016-03-19,9.8,13.3,6,16.76,78,14.3,6,24,7,55
2016-03-20,8.3,14.3,2.8,1.02,75,7.6,8,28,6,47
2016-03-21,9.1,15.4,5.6,0.51,78,6.3,8,34,6,48
2016-03-22,10,15.4,6,31.24,68,8.9,8,26,6,64
2016-03-23,8.4,15,2,0,59,11.7,8,37,11.5,44
2016-03-24,9.9,20,0,0,50,5.2,8,28,13,63
2016-03-25,10.2,18,1,0,59,5.2,8,45,13,36
2016-03-26,10.3,16.7,3,0,75,13.5,8,23,12,37.5
2016-03-27,12.1,16.1,8.8,0.51,51,18,7,10,3,75
2016-03-28,11.1,14.1,9.5,0,66,15.6,6,20,4.5,55
2016-03-29,13.6,19.1,8.8,0,63,13.5,6,23,7,54
2016-03-30,13.9,23,4.8,0,53,10.6,8,47,10,36
2016-03-31,9.2,13.2,5,0.76,58,26.9,6,18,3,69
2016-04-01,8.2,14.4,2.4,0,47,14.3,5,19,3,75
2016-04-02,9.3,17,-1,0,46,8.9,6,30,7,58
2016-04-03,10.8,15.2,7.9,0,60,15.6,6,26,8,63.5
2016-04-04,8.4,11,6,7.11,92,7.4,6,47,6,33
2016-04-05,10.9,16.7,7,17.78,62,22.2,6,23,5,61.5
2016-04-06,11.9,20.6,3.3,0,51,9.3,6,29,5,62
2016-04-07,12.3,21.1,3.8,0,53,7.8,6,34,6,58
2016-04-08,9.4,14.2,4,0,45,18.9,6,18,2.5,71
2016-04-09,10.9,18.4,1.5,0,50,10.7,5,23,5,67
2016-04-10,10.4,14.5,7,0,69,21.3,5,14,4,73
2016-04-11,8.9,14.3,4.8,1.52,76,15.7,5,28,4,54
2016-04-12,9.8,13.9,7,6.1,85,13.9,6,33,4.5,49
2016-04-13,11.5,16.2,7.7,8.38,66,15.2,6,24,5,58
2016-04-14,13.3,20,7,0,64,10,6,37,8,46
2016-04-15,13.3,20,5.3,0,66,12.8,6,39,9,41.5
2016-04-16,12.9,15.6,10,1.52,86,17.2,5,23,5,50
2016-04-17,12.6,17.2,7,12.45,59,13.5,5,14,3,66.5
2016-04-18,13.7,22.4,3.8,0,60,6.7,6,27,5,59
2016-04-19,12.4,14.2,11,0,84,7.4,5.5,39,8.5,39
2016-04-20,10.9,13.3,8.9,30.23,89,7.2,6,40,7,48
2016-04-21,12.9,18,8.5,2.54,66,11.1,5,27,5,59
2016-04-22,12,17.4,9,1.27,81,6.1,6,44,7,41.5
2016-04-23,11.9,19,7,3.3,79,8.7,6,36,7,32.5
2016-04-24,12.3,18.8,5.5,0,60,10.9,5,18,3,64
2016-04-25,12.6,20.3,3,0,48,6.1,6,38,7,61
2016-04-26,14.6,22.5,4.5,0,51,9.1,6,40,7,47
2016-04-27,14.6,22,7.9,0,57,8.5,5,42,8,42.5
2016-04-28,13.9,18.7,10.6,1.02,66,8.3,5,25,5,62
2016-04-29,13.8,20,9.8,1.27,68,6.5,5,28,7,52
2016-04-30,13.2,18.6,8,24.89,56,13.5,5,20,6.5,62
2016-05-01,10.9,18,3.6,0,42,14.8,5,9,3,78
2016-05-02,13.5,24,2.6,0,36,5.6,5,18,4,77
2016-05-03,17.4,26.9,6.3,0,36,5.2,5,34,6,63
2016-05-04,18.1,27.5,8,0,40,5.6,5,38,8,67.5
2016-05-05,15.6,20.6,11,0,52,8.5,5.5,36,9,73
2016-05-06,13.4,17,10,1.52,81,11.9,6,30,8,53
2016-05-07,14.2,17.4,11.4,18.8,74,13.9,6,18,7,64
2016-05-08,12.1,13.3,10,6.6,90,14.8,5,18,5,57
2016-05-09,11.7,14.5,8,14.48,86,11.9,5,32,4,49
2016-05-10,11.3,17,6.8,8.64,85,11.3,5,37,5,39
2016-05-11,11.3,16.3,6,6.35,77,8.3,5,31,5,52
2016-05-12,12.4,16.9,9,5.08,71,17.2,5,21,4,66
2016-05-13,12.9,18,9,0,69,8.9,5,27,4,53
2016-05-14,13.9,20,6.8,1.52,66,6.3,5,25,5,59
2016-05-15,16.7,22.2,12,0,60,6.7,5,21,7,71
2016-05-16,16.2,24,7.9,0,51,5.2,5,21,8,80
2016-05-17,17.6,24.4,9,0,50,5,5,33,9.5,78
2016-05-18,18.8,26,10,0,52,10.9,5,42,12,57.5
2016-05-19,19.2,25.7,12,0,48,9.6,5,20,7,72
2016-05-20,20.1,28,10.4,0,50,4.8,5,38,8,41
2016-05-21,20.8,29,12,0,56,10,5,29,13,65
2016-05-22,19.4,23,12,0,44,21.9,5,10,8,70
2016-05-23,15.4,22.8,7,0,45,5,5,29,6,57
2016-05-24,18.6,26,11,0,51,10.7,6,34,9,45
2016-05-25,17.9,21,14.8,0,56,11.7,5,20,6,56.5
2016-05-26,18.8,25,12.3,0,51,7.8,5,34,9,48
2016-05-27,18.8,25.9,10,0,50,11.1,5,30,10,61.5
2016-05-28,15.4,22,10,0,65,14.1,5,19,6,63
2016-05-29,15.2,20,12,5.59,70,17,5,11,4,55
2016-05-30,15.9,22,9.9,2.29,56,8.3,5,21,4,61
2016-05-31,17,24,8,0,49,10,5,21,5,68
2016-06-01,17.9,26.2,8.7,0,40,7.8,5,31,7,75
2016-06-02,19.7,28,7.7,0,32,4.8,6,38,7,73
2016-06-03,21.7,30,12.2,0,39,8.7,6,45,11,60
2016-06-04,21.3,28,15,0,48,7.4,5,22,10,81
2016-06-05,21.7,29,11.8,0,43,7.2,6,22,9,71
2016-06-06,22.2,30,12.1,0,40,8.9,6,36,10,48
2016-06-07,24.3,33,12.7,0,36,7,6,37,9,54
2016-06-08,25.7,35,13.5,0,33,7.6,6,52,12,50
2016-06-09,27.6,36,16.8,0,32,9.3,6,40,14,62
2016-06-10,25.7,32,18.8,0,39,9.4,5,30,12.5,69
2016-06-11,24.6,31,16.5,0,40,11.1,5,16,8.5,73
2016-06-12,24.8,32,13.9,0,36,10.7,5,17,7,67
2016-06-13,26.4,32,19.8,0,40,25.2,5,13,5,48
2016-06-14,23.2,30,14.6,0,39,17.8,6,15,5,64.5
2016-06-15,18.6,23,14.1,0,51,21.5,6,14.5,3,51
2016-06-16,16.2,21.7,12.2,0.25,48,19.6,6,18,4,53
2016-06-17,17.7,23.8,9.5,0,44,11.3,6,19,4,68
2016-06-18,18.8,23.9,12.6,0,40,12.8,6,12,4.5,73
2016-06-19,19.4,28.1,9,0,37,10.6,6,12,4,69
2016-06-20,24.4,33,13.5,0,36,6.5,6,26,7,47
2016-06-21,26.7,34.2,16.1,0,31,9.1,6.5,28,7,63
2016-06-22,27.7,35,16.3,0,21,14.3,6,23,5,76
2016-06-23,26.9,34,16.8,0,27,12.2,6,26,9,84
2016-06-24,26.6,35.3,14.9,0,27,12.8,6,44,14,60
2016-06-25,26.4,34,18,0,32,10.2,6,14,10,73
2016-06-26,24.8,33,16.4,0,38,9.4,6,10,8.5,68
2016-06-27,26.6,35,16.3,0,33,5.7,6,23,12,68
2016-06-28,27.7,37,17.9,0,33,10.2,6,33,17,63.5
2016-06-29,28.6,35.6,18.9,0,33,12.2,6,39,17,59.5
2016-06-30,27.4,34.3,17.1,0,31,10.9,6,36.5,12,64
2016-07-01,28,35,17.8,0,28,9.8,6,34,11,64
2016-07-02,28.5,36,18,0,27,7.2,6,30,10,75
2016-07-03,29,37.4,19.7,0,32,8,6,12,11,72
2016-07-04,27.4,35,20.1,0,39,11.3,6,23,13,71
2016-07-05,27.4,35.8,18.4,0.25,39,8.9,6,28,12,80
2016-07-06,27,36,17.6,4.83,49,8.7,6,24.5,13,76
2016-07-07,25.6,33,20.1,2.03,49,11.9,6,31,10,68.5
2016-07-08,27.9,35,19.2,0,40,7.2,6,44,13,59
2016-07-09,29.2,37,19.1,0,36,5.4,6,27,13,69
2016-07-10,31.2,39,21.2,0,31,8.7,5,21,14,83
2016-07-11,31.3,37.5,22.5,0,26,12.4,4,33,10,71
2016-07-12,27.3,34.3,19.2,0,29,11.1,5,24,8,75
2016-07-13,22.9,30,15.2,0,35,15.2,5,14,6,70
2016-07-14,22.1,31.4,12.5,0,25,14.1,5,18,4.5,71
2016-07-15,22.6,32,13,0,25,8.9,5,22,5,76
2016-07-16,26.7,35,15.9,0,27,5.4,4,22,10,77.5
2016-07-17,28.8,37,17.3,0,26,6.3,4,17,9,79
2016-07-18,30.1,38,18.3,0,21,11.5,4.5,25,9,88
2016-07-19,30.2,39,19.1,0,25,9.4,5,33,12,83
2016-07-20,30.9,38,25,0,29,16.1,4,39,23,56
2016-07-21,28.1,36,16.5,0,24,10.7,5,39,12,72.5
2016-07-22,26.9,33.2,17.6,0,30,10,4,24,9,79
2016-07-23,24.7,32,16.3,0,37,13.3,5,8,4,62
2016-07-24,26.3,34.1,17.1,0,34,6.9,4,9,5,59.5
2016-07-25,28.7,37,17.9,0,26,6.7,4,15,5,74.5
2016-07-26,30.3,38.2,19.2,0,25,6.9,4.5,27,9,74
2016-07-27,31.3,39,23.1,0,28,9.8,4.5,24,14,86
2016-07-28,30.6,38,21.5,0,27,6.7,3,24,13,81
2016-07-29,31.6,40,21.3,0,23,11.3,4.5,30,14,82
2016-07-30,30.5,36.1,23.4,0,24,15.7,4,21,15,100
2016-07-31,27.9,35,18,0,25,12,4,13,10,92
2016-08-01,27.7,35,19.1,0,33,7.6,4,20,9,64
2016-08-02,29.3,37.1,19.3,0,26,6.9,4,27,11,71
2016-08-03,30,38,18.4,0,22,8.1,5,35,13,83
2016-08-04,29.3,37,19.6,0,26,13,5,26,10,72.5
2016-08-05,27.4,34,20.1,0,34,11.7,4,13,5,58.5
2016-08-06,27.7,36,16.6,0,19,8,5,13,4,61
2016-08-07,28.5,36.3,18.8,0,25,6.9,4,10,6,67
2016-08-08,28.3,36,17.8,0,26,5.4,5,28,8,61
2016-08-09,26.6,35.2,18.7,0,31,11.5,5,25,8,62.5
2016-08-10,22.9,30,16.5,0,39,14.6,5,10,5,65
2016-08-11,23.4,31.2,15.1,0,20,9.4,6,15,4,76
2016-08-12,25.3,34,15.3,0,31,6.1,5,20,8,67
2016-08-13,26.5,34.2,16.1,0,31,5.6,5,22.5,9,74.5
2016-08-14,27.3,35,16.8,0,27,8.9,6,13,7,81
2016-08-15,27.7,35,17.3,0,32,9.4,6,13,8,80
2016-08-16,27.9,34,19.5,0,31,10.2,5,26,17,75
2016-08-17,27.2,34,17.3,0,25,10,5,29.5,13,75
2016-08-18,27.3,34,17.5,0,30,7.4,6,28,9,57
2016-08-19,27.7,35,16.9,0,32,12.2,6,20,9,74
2016-08-20,28.2,33.4,22,0,35,11.1,5,11.5,6,61.5
2016-08-21,25.4,33.3,17.1,0,38,8.1,5,9,9,65
2016-08-22,27.6,35.5,17.1,0,33,5.6,6,23,10,59
2016-08-23,28.8,37,19.8,0,33,6.5,7,30,11,52
2016-08-24,27.9,35,18,0,26,8.7,7,21,7,70
2016-08-25,27,35,16,0,22,8.9,7,23.5,6,74
2016-08-26,27.2,34,17.6,0,31,6.7,7,27,9,74
2016-08-27,28.7,36,19.4,0,32,10.4,7,25,14,62.5
2016-08-28,28.8,36,19,0,28,8.9,7,34,20,65
2016-08-29,28.2,35,20,0,32,9.8,7,25,13,71
2016-08-30,25.1,34,17.2,0,37,8.9,7,20,9,58
2016-08-31,26.6,34,18.3,0,37,5.7,7,28,12,58
2016-09-01,27.4,35,19.6,0,37,6.5,7,23,10,70
2016-09-02,27.1,35,17.5,0,36,5.7,7,43,10.5,53
2016-09-03,27.8,37,17.3,0,30,7,7,37,12.5,60
2016-09-04,28.9,38,17.2,0,27,9.1,7,45,16,44
2016-09-05,30.1,39,18.7,0,24,6.5,7,53,18,40
2016-09-06,30.4,40,19,0,20,7.2,7,61,15,43
2016-09-07,30.4,40,18.9,0,20,11.5,7,57,15,36
2016-09-08,26.4,34,15.8,0,27,9.4,7,38,21,69
2016-09-09,25.4,31.1,17.8,0,36,8.5,7,31,11,61
2016-09-10,26.1,33,17.5,0,33,7.4,7,24,11,68
2016-09-11,25.3,33,17.2,0,34,6.7,7,21,11,72
2016-09-12,25.9,34.1,17.2,0,34,11.1,8,42,13,47.5
2016-09-13,21.2,26,13.7,0,61,18,7,25,10,51
2016-09-14,15.4,20,11.8,5.84,56,11.3,6,24,3,43
2016-09-15,16.4,20.4,9.8,0,48,13,6,27,5,45
2016-09-16,18.7,25.3,10.9,0,52,9.6,6.5,31,5,48
2016-09-17,17.7,24.3,11.4,0,55,8.7,5,20,4,44.5
2016-09-18,18.1,25,10.6,0,43,5.7,6,17,4,52
2016-09-19,18.4,26.2,10,0,43,5.9,7,42,6.5,50
2016-09-20,20.5,28,12.6,0,37,5,7,37,7,51
2016-09-21,20.5,29,10.3,0,34,7.8,7,47,10,43.5
2016-09-22,19.8,28.3,9,0,33,6.9,7,65,13,31
2016-09-23,19.9,28,11.3,0,35,5.6,8,69,13,19
2016-09-24,20.1,28,11.2,0,38,6.7,6,43,12,41
2016-09-25,20.3,28,12.5,0,40,5.4,7,41,13,37
2016-09-26,21.8,27.2,15.8,0,43,7,7,33,9.5,57
2016-09-27,21.9,29,12.8,0,37,8.3,7,25,7,52
2016-09-28,21,26,15,0,48,7.8,7,17,6,43
2016-09-29,18.9,26,10,0,49,5.2,8,38,11,49
2016-09-30,19.1,27,10.7,0,41,6.3,8,46,10,36.5
2016-10-01,20.6,28,11.4,0,36,10.4,8,50,10,39
2016-10-02,19.3,27,10.7,0,42,7,8,40.5,9,34
2016-10-03,19.6,29,10,0,42,6.7,8,51,13,37
2016-10-04,19.9,29,11.2,0,40,5.2,9,57,14,37
2016-10-05,19.9,29,10.7,0,44,4.4,8,56.5,16,38.5
2016-10-06,20.9,29,13.6,0,30,8,7,70,14,20
2016-10-07,17.8,28,8,0,33,7.6,8,62,11,26
2016-10-08,17.8,28,8.1,0,46,5,9,58,10,26
2016-10-09,18.4,27,9.8,0,41,3.5,8,25,10,52
2016-10-10,17.3,25.2,8.5,0,41,6.3,8,39,8,54
2016-10-11,15.6,25,4.5,0,39,10.6,9,51,10.5,43.5
2016-10-12,12.9,15,11,0.76,83,4.4,9,27,11,47
2016-10-13,13.7,16,12,14.48,82,10.6,9,28,6,35
2016-10-14,14.7,19,10.6,1.02,71,8,8,30,8,37
2016-10-15,12.6,19.2,6,0,68,5.7,8,36,11,33
2016-10-16,14,21,6,0,67,4.4,8,37,10.5,32
2016-10-17,15.7,19,12.7,0,78,5.6,9,51,13,20
2016-10-18,16.4,21,13,4.32,81,4.3,7,37,10,24
2016-10-19,16.9,20,14.7,0,86,3.3,7,53,14,12
2016-10-20,15.9,19,13.5,5.33,86,3.7,7,44,16,7
2016-10-21,14.9,20,9.2,0.51,81,3.9,6,43.5,16,10
2016-10-22,15,17,12.7,0,91,7,6,38,15.5,11
2016-10-23,14.2,16,11.5,10.92,90,15.7,5,19,4,38
2016-10-24,13.1,16,11,11.68,88,8.7,5,38,5,37
2016-10-25,16.1,21,12,0.25,81,8.3,6,39,9,21
2016-10-26,17.9,25,12.2,0.25,76,4.6,6,41,16,10
2016-10-27,18.1,25,11.7,0,71,5.4,6,44,16,14
2016-10-28,16.9,24,11.7,0,81,4.4,6,45,19,12
2016-10-29,15.6,24,9.1,0,67,3.7,6,41,15,9
2016-10-30,13.5,26,4.2,0,50,5,6,46,8,24
2016-10-31,12.4,24,3,0,53,4.4,7,64,11,14
2016-11-01,11.7,19,4.5,0,68,4.8,7,48,18,11
2016-11-02,14.1,22,7,0,69,4.4,7,58,19,10.5
2016-11-03,13.3,21,6.7,0,71,4.6,8,57,18,7
2016-11-04,12.8,15,9.2,5.08,92,6.7,6,58,13.5,8
2016-11-05,13,15,8,10.67,88,16.1,6,24,5,37
2016-11-06,9.2,13,4.2,12.19,62,9.8,6,23,3,45.5
2016-11-07,6.2,10,2,0,67,6.9,6,42,5,33
2016-11-08,7.7,13,1,0,56,10.4,6,38,6,33
2016-11-09,10.4,16,6.5,0,66,17.6,6,21,5,51
2016-11-10,7.2,14,0.5,0,69,3.9,8,63,12,7
2016-11-11,7.4,13.5,0.3,0,66,5.2,10,69,16,5
2016-11-12,7.7,14,0.7,0,77,4.3,8,58,21,7
2016-11-13,11.8,19,5,0,70,7.2,8,39,11,18.5
2016-11-14,9.6,16,2.6,0,59,9.1,7,27,4,42
2016-11-15,8,17,0.7,0,57,8.1,7,38,5,32
2016-11-16,7.4,17,0,0,62,4.8,9,66,11,8
2016-11-17,9.3,18.2,1.6,0,70,4.6,10,78,20,6
2016-11-18,7.4,13,2,0,87,3.9,10,70,22,6
2016-11-19,7.1,13,0.6,0,80,5.6,7,48.5,21,12
2016-11-20,9,12,7,2.54,93,10.2,5,27,7,32.5
2016-11-21,11.1,13,7,16.76,80,18.7,5,31,4,49
2016-11-22,7.1,9,4.9,0.25,90,4.4,6,52,7,11
2016-11-23,6.7,9,3.6,1.27,86,5.7,7,46.5,6,11
2016-11-24,5.5,8.5,2.6,6.6,84,8,6,50,8,12
2016-11-25,4.7,6.2,2,10.41,93,6.1,6,48,8,18
2016-11-26,7.8,11,5.3,10.67,97,5.9,6.5,40,7,25
2016-11-27,9.8,12,8,11.18,88,6.1,7,30,5,30.5
2016-11-28,9.6,14,4,9.14,75,8.5,10,32,6,35
2016-11-29,8.2,13,3.7,0,84,5.2,9,50,8,10
2016-11-30,11.1,15,7.8,0.25,78,8.3,6,34,5,37
2016-12-01,10.3,11,8.5,0,77,3.7,6,50,6,29
2016-12-02,9.4,14.2,5,0,82,3.1,6,58,13,9
2016-12-03,7.5,13,3,0,89,5,6,41,13,11
2016-12-04,10.6,12,9.7,7.87,93,8,4,25,6,44
2016-12-05,11.7,14,8,10.16,80,8.3,7,34,6.5,31
2016-12-06,8.9,15,4.8,0,84,5,7,31,10,30
2016-12-07,7.3,14.5,2,0,90,3.5,9,59,20,6
2016-12-08,7.4,14,3.4,0,86,3.7,8,43,15,7
2016-12-09,7.4,14,2.5,0,88,4.6,9,56,13,11
2016-12-10,10.5,15,5.8,0,82,5,8,51,11,10
2016-12-11,6.9,15,1.2,0,85,3.9,8,42,16,8
2016-12-12,5.2,9,3.5,0,99,4.1,10,66,26,5
2016-12-13,5.1,10.6,1.7,0,95,2.2,11,64,25,5
2016-12-14,7.4,10,4,0,88,3.5,7,53,19,6
2016-12-15,8.7,11,7,4.83,88,5.9,6,52,15,14
2016-12-16,8.2,10,7,1.27,90,7.6,7,43,11,18
2016-12-17,10.3,13,8.1,3.81,71,19.6,7,18,7,55
2016-12-18,7.8,12,4,0,66,17,8,16,7,59
2016-12-19,6.3,11,1,0,65,11.7,8,32,8,47
2016-12-20,3.9,11,-2,0,75,3.7,12,70,14,6
2016-12-21,6.9,13,0.9,0,71,7.2,12,66,11,5.5
2016-12-22,5.6,13,0.7,0,80,3.5,14,79.5,22.5,5
2016-12-23,6,14,0.5,0,85,5,12,57,19,5
2016-12-24,6.2,15,-0.2,0,78,6.1,9,39,8,12
2016-12-25,5.1,13.5,1,0,87,3.5,10,33.5,9,12
2016-12-26,4.6,15,-2,0,74,3.9,13,57,21,5
2016-12-27,5.9,17,-1,0,64,3.7,13,65,13,6
2016-12-28,5.9,17,-0.2,0,67,4.4,12,68,14,6
2016-12-29,3,12,-3,0,72,4.1,14,71,19,5
2016-12-30,1.8,12.2,-5.2,0,65,3.7,14,75,21,5
2016-12-31,1.9,12.6,-4.5,0,66,5.8,9,51,19,5
